wavelength,nadir,nadir,nadir,45,45,45,70,70,70,70,-70,-70,-70,-70,-45,-45,-45
318.89534318192,0.068453091539396,0.060187425149936,0.071090444067575,0.081017712004289,0.080362339282464,0.081077291342637,0.086055476057916,0.086743948412157,0.083890760097948,0.080355719355981,0.07028681117521,0.067493202199349,0.073424656328192,0.071743195001489,0.060349613348771,0.059138166802367,0.055566716464743
322.22346359016,0.084590584412655,0.074041796647752,0.0885403875538,0.102388410227102,0.102562393317974,0.103142336954216,0.107872099498678,0.110166098770924,0.105301016044672,0.101860017136303,0.086491510775892,0.082612332231252,0.092097632592898,0.089764970411569,0.074837608193039,0.073020451466148,0.068790084830672
325.55233324544,0.108507346862422,0.093497896302891,0.112364644930362,0.133292323548511,0.131049021120244,0.132774638372757,0.139536501532603,0.140546307184073,0.135260805451377,0.131847917996408,0.10935737313866,0.102748898179037,0.120669752905131,0.11202888429255,0.093251836065032,0.092254812763581,0.08742628004405
328.88194062848,0.130810286891148,0.112302098256763,0.135738002929317,0.162491096902186,0.161516988395014,0.163236003407671,0.170086596569222,0.170634134684364,0.166056461372882,0.160937616668526,0.131427858951251,0.124042461119096,0.142926159369244,0.135120557867328,0.114291698965856,0.111407573777954,0.105967209599009
332.21227422,0.145070287361473,0.123710440755805,0.150945780471774,0.181925131449287,0.180849307219342,0.181528775154044,0.189317490924053,0.190311527347043,0.18510856455076,0.178917856701254,0.145793794884535,0.137589848709986,0.15885467851825,0.149782523316026,0.126922185021225,0.123449348910526,0.117677017150442
335.54332250072,0.160108911810002,0.135732287286803,0.166706566449091,0.200921778612027,0.200288475506478,0.201439935698385,0.209359423018276,0.21094587928268,0.204043515132307,0.19832459617917,0.1609597129518,0.151351417350445,0.175736785414602,0.164439681531784,0.139976697494192,0.136100114848106,0.12930969821639
338.87507395136,0.174572245452521,0.147824597301653,0.181792233480271,0.218989487016399,0.218931718927659,0.220202616879921,0.227802329887382,0.230318451085798,0.222815018226235,0.216499040524089,0.17507932089812,0.165322932577731,0.192217187224067,0.180073051235793,0.152198925354512,0.147904830758235,0.140975869447801
342.20751705264,0.185158244770032,0.157765551070577,0.193746361301091,0.235090278893141,0.232859354252457,0.235147482089056,0.244045757009162,0.246079648419472,0.237047899375564,0.231480121639841,0.187948489548551,0.175084126378341,0.205033177395155,0.191520511337908,0.162440323358961,0.158131015933367,0.15024015285243
345.54064028528,0.199780997301761,0.16850096403853,0.207766002539579,0.252376052112851,0.250601684483795,0.252776715771025,0.262138253942963,0.263486518951422,0.255250654866735,0.248649244117773,0.200855793464164,0.188441579801377,0.219667906176523,0.205918146986489,0.173693692243276,0.169267312781545,0.160398654506567
348.87443213,0.215745963557648,0.182437120041765,0.225237436764782,0.274400332481906,0.272094402145974,0.275243965531637,0.283542815087508,0.287454772784779,0.27733742532171,0.269725980473026,0.2184893332527,0.204378789354237,0.23551197345616,0.223126190459369,0.189901710248459,0.183527593872714,0.173857059469317
352.20888106752,0.23230351003882,0.195976628808995,0.242927514665424,0.296231709606332,0.294314228853736,0.296724776085571,0.306233045722255,0.308071392348554,0.299530993948895,0.292555016353735,0.236838504199722,0.220902108611477,0.256488116483471,0.239163830064776,0.20319305240329,0.197751059410207,0.18685185532283
355.54397557856,0.243319087095179,0.204483168504422,0.253682870230151,0.31024393388708,0.308167323099955,0.311149123204545,0.319644886994606,0.323348472045148,0.31249211650562,0.304540649560047,0.246874765394501,0.231066491824137,0.268208835190434,0.249986723440164,0.211976124521213,0.20583503621057,0.195295201118652
358.87970414384,0.250779969578119,0.211125489219042,0.261856037631098,0.321415037755856,0.31844863304197,0.32156587189385,0.329185789087336,0.334090691796926,0.322230659390936,0.314621915096561,0.258260225532721,0.238405983813038,0.277399401709321,0.258584239606931,0.218904620224855,0.212653383172428,0.201695562369626
362.21605524408,0.280968106380832,0.236493110164209,0.293592144400244,0.36139003099926,0.358084801668483,0.361342129124901,0.371092821772218,0.375382700742599,0.362646124593565,0.35376831054568,0.287232607060905,0.267646062878521,0.310832263828483,0.289361579254642,0.245341650844429,0.238667323017063,0.225736478155351
365.55301736,0.317587271725594,0.266396383212564,0.332372408463265,0.409777209425807,0.406302411926283,0.410724881471131,0.419730272970619,0.423861922522723,0.410328764584461,0.399708820711457,0.32439145672827,0.302690268304114,0.351678394668254,0.326487366331157,0.277214385528903,0.26952771227238,0.255134629700398
368.89057897232,0.335562039727027,0.280690759665277,0.351084028630591,0.433838326394741,0.429667809561966,0.433037924174309,0.44321379801769,0.446733695501692,0.43325791776706,0.422333129565381,0.343346068338591,0.319549314603658,0.371683115370709,0.34446007844656,0.292558711886937,0.284161509644516,0.269503851438193
372.22872856176,0.341267580800609,0.285198311936935,0.357165293809428,0.440562391251373,0.437005999587491,0.441001945277246,0.450574455174038,0.455032154587943,0.440651190044479,0.429169506095915,0.349690146326682,0.326078547239883,0.379126946241213,0.350267338481869,0.297135089700165,0.289569432527561,0.274147302134933
375.56745460904,0.358147207915938,0.298940734078184,0.374795820463369,0.463010481675938,0.457284844456387,0.462049804290107,0.472946020684062,0.475465130273573,0.46148193721315,0.448519197020342,0.366323639888674,0.341388724629782,0.396399246581078,0.366955552124687,0.311265157519073,0.303336366828017,0.287352829966431
378.90674559488,0.369190193787015,0.30827874911278,0.386570382390584,0.477279701392241,0.471289148124112,0.476639201986214,0.487850034726989,0.489415699941719,0.475630310764957,0.462468675911711,0.377809725009291,0.352759081573595,0.408804872736212,0.377977175834396,0.321191300863683,0.313115984822998,0.296728828451168
382.24659,0.363981994967957,0.303938784974592,0.381116324168728,0.469615024725782,0.463454427816554,0.468972508483715,0.479613921277161,0.481411286973923,0.468036030562272,0.454379410828931,0.370738914141064,0.348935356436419,0.402663152521401,0.373779317796334,0.317118766842085,0.309093612995095,0.293259577108083
385.58697630512,0.375293256148939,0.31360923738868,0.393698305674367,0.483386326470907,0.477616551036203,0.482354644770662,0.493800792358565,0.495923594210921,0.482477767278099,0.467524751030103,0.385334108910583,0.361303991941913,0.415392983139944,0.385656774792141,0.328003956749506,0.319432082869692,0.302889088034282
388.92789299096,0.409731392670875,0.342185191703757,0.430015636451029,0.526561434379383,0.519427403581002,0.525664807557728,0.538434159587859,0.540521957307846,0.525400584194825,0.508975420389447,0.421690748490139,0.396238675040666,0.453137660206132,0.422565717659097,0.357572953944951,0.348866577560771,0.330897223118099
392.26932853824,0.429179119056839,0.359673136193786,0.450164800080466,0.550267983866798,0.543144849374399,0.549830249344919,0.563501715422199,0.566428788689715,0.549958474608904,0.532634799288469,0.443456338967427,0.417236483262941,0.474124284863939,0.444906610918704,0.375977641743583,0.367050510433742,0.348309724868233
395.61127142768,0.473776058587878,0.397819919520147,0.497478728299456,0.605827575415585,0.597617048555926,0.606110697031435,0.622594666665386,0.624922555506822,0.606807266086305,0.587015716940197,0.4920890837401,0.463660078313608,0.522693182215348,0.492996870508382,0.416696940907119,0.406814648315773,0.386472584916623
398.95371014,0.583165849441345,0.488872590888525,0.611858096579325,0.742321408378487,0.733051144130437,0.744257863576969,0.765499357952748,0.767046690948225,0.746285876940863,0.720356604495947,0.606435357181018,0.574261817854946,0.644697514507045,0.60958495807122,0.51304623551165,0.50071335063054,0.475871331399901
402.29663315592,0.676215009755996,0.567975729581464,0.71030255697561,0.860009387412164,0.847418138156565,0.861962485481514,0.887791399429377,0.888936478202896,0.865670139736097,0.833534058027637,0.706998236300579,0.67014332190447,0.747916333441436,0.710507348671043,0.596346441371353,0.582120684511617,0.553948514605846
405.64002895616,0.718450689555468,0.604717626894127,0.754220672570142,0.909858414762932,0.896696464123484,0.912323669009686,0.940718198149321,0.943875209237442,0.917472382681343,0.884741605958906,0.753748859118686,0.716356848377905,0.794223598333751,0.759282913849629,0.635082966632155,0.620361081102106,0.59052964765104
408.98388602144,0.750175115122215,0.633475039842848,0.787673073793229,0.945443659837786,0.931599511737091,0.949808931761429,0.981968744599946,0.984943596577539,0.956262143271829,0.920536203528495,0.789869063947463,0.752914380995992,0.828976357180857,0.798285492989661,0.664851875336332,0.649538778588316,0.619607795065309
412.32819283248,0.787780925466289,0.667035674313514,0.827428906943038,0.989344442956398,0.974867631113334,0.994470792759182,1.03070611154295,1.03347661881415,1.00337924952758,0.963544093993406,0.833416830599522,0.796142571589053,0.870763997696075,0.844015843613991,0.700078985953418,0.684317169093123,0.653233262266728
415.67293787,0.819777123543613,0.695139619548452,0.860557736958153,1.02501513830662,1.01015650020433,1.03109550240809,1.07062010614057,1.07374305988806,1.04185582298502,0.999924128828265,0.868209751504232,0.832738723839401,0.905524127226316,0.881918534143616,0.72967778782023,0.713315836739216,0.680741818460482
419.01810961472,0.836317335303475,0.710773496688917,0.878280425430331,1.04100458088712,1.02555984772819,1.04722157474097,1.08966743774034,1.09269990574172,1.06032896150341,1.01734437926025,0.88842973312102,0.852969842250924,0.923959136151606,0.903383536646488,0.745171154856521,0.729165979903637,0.696558259868657
422.36369654736,0.848944722010758,0.722878928910636,0.891502559804454,1.05205191899935,1.03705559698662,1.05949341883942,1.10412562938614,1.10713076976149,1.07306271888621,1.0285899990298,0.902311146413758,0.86880970720143,0.937088511148579,0.919099640130784,0.756789587657315,0.740647450948394,0.708163814167662
425.70968714864,0.843694768184141,0.719768440003082,0.885240584852267,1.04010276436223,1.02606556136867,1.04920699679475,1.09460322261143,1.09727121812729,1.06390515336022,1.01880716269184,0.897187675256654,0.864510775494435,0.929058534077525,0.916355328841892,0.752040304192274,0.736467593205445,0.704768018084609
429.05606989928,0.843974141716872,0.721596526919753,0.885366054367155,1.03768326780261,1.02259010160778,1.04549007790339,1.0932176379269,1.09563100243213,1.06149307480626,1.01509170869617,0.898336526522329,0.865621173181495,0.929101141141686,0.918337381239775,0.75288352315326,0.737813488247613,0.70579014597497
432.40283328,0.889530327302219,0.76074427966647,0.932138749152793,1.08867731472542,1.07232098883459,1.09822676559905,1.14784278986138,1.15053763682072,1.11577998537101,1.0660391316855,0.944473630771637,0.912392469013149,0.976349191127232,0.968081077568052,0.792753848079308,0.776915197149333,0.743840907185802
435.74996577152,0.959273217112771,0.821303991221382,1.0053850064486,1.171330303838,1.15327390947504,1.18084523860665,1.23515747718709,1.23577156905335,1.19953665978585,1.14573383832174,1.01883663898138,0.985019716437265,1.05189292500933,1.04472619379744,0.853890985453813,0.837833878814524,0.802350883167357
439.09745585456,1.01853500048293,0.872359651953965,1.06641752828213,1.23884831266489,1.21957994286321,1.24927414376688,1.30781281212559,1.30875548517015,1.26980383665634,1.21300446645027,1.08033651251348,1.04476056289516,1.11465113904401,1.10938677478811,0.905391380133353,0.888652295049833,0.851670634042883
442.44529200984,1.07594718380155,0.922961018917616,1.1265017833581,1.3058061774486,1.2847433378821,1.31720926155584,1.37961344113686,1.380686747299,1.33987888490353,1.27776684782818,1.14061546780153,1.10463748313569,1.17584404343107,1.17377999311926,0.95621922036489,0.938690670024607,0.900138973393049
445.79346271808,1.13731016413119,0.976342777239585,1.18997476425626,1.37757087317551,1.35410299359724,1.3889333986923,1.45682120247947,1.4564238044926,1.41345285448196,1.34804725965891,1.20583686160493,1.16933127114985,1.24222628957154,1.24194505407314,1.01072534537252,0.992448094884249,0.952254345420291
449.14195646,1.19026676085147,1.02207948362817,1.24438307890894,1.43845956078057,1.41393153805497,1.45100442736542,1.52374741588254,1.52164917475274,1.47869467185039,1.4091674013254,1.26240048671759,1.22589227986417,1.29970519303671,1.30189259455447,1.05831575129834,1.03936916885854,0.997723837652615
452.49076171632,1.22405728934701,1.05194961811065,1.27972319248125,1.47663211768097,1.45117244912867,1.49113180533228,1.56537533358344,1.56384291732775,1.52131690956279,1.44686944758939,1.29927678612604,1.26301737031165,1.33678893766277,1.34145027988541,1.08917480576679,1.06968456859836,1.02705222396395
455.83986696776,1.24233437789729,1.0685629084069,1.29832418294551,1.49607485012465,1.46975938029203,1.5106715097461,1.5887508194717,1.58573181428455,1.54140025815382,1.46721569557805,1.31899348766367,1.28381401118902,1.35613762209408,1.36385797887037,1.1061233083426,1.086332692278,1.04355529005802
459.18926069504,1.26356071975277,1.08791721876367,1.31929234404354,1.51871944173733,1.49144256642497,1.53493043777604,1.61393139313042,1.61226519116294,1.56567760959997,1.48973327302731,1.34171421031334,1.30709742805806,1.37823850654518,1.38852299455131,1.12496004853883,1.10475878606421,1.06163431910777
462.53893137888,1.27415847220776,1.09791312055915,1.33007460411404,1.5275762300073,1.50015762873668,1.54423530433381,1.62614169785036,1.62223176776922,1.57706543364877,1.49890725966347,1.35225022936008,1.319012935982,1.38896429956066,1.4020051003335,1.13405687230256,1.1139325719071,1.07092189717038
465.8888675,1.27212169870941,1.0969131947938,1.32680824506726,1.5222330419373,1.49384737096693,1.53885480856473,1.62155809043606,1.6164522291761,1.57218295323474,1.49405452305233,1.34892260496422,1.31686363152169,1.38549224212556,1.40061142672505,1.131619922004,1.11162828694501,1.06901185123437
469.23905753912,1.2753501604481,1.10053497241773,1.32953746575652,1.52134346733946,1.49373191321485,1.53865737905625,1.62284075395038,1.6179735320639,1.57358458702729,1.49372894901151,1.35118930293636,1.32000588378543,1.38732887007401,1.40412997461274,1.13406159430999,1.1140443291459,1.07125457181195
472.58948997696,1.28868500024631,1.11413435329839,1.3430230748633,1.53368924860783,1.50446421563505,1.55130024805011,1.63736228675589,1.63127185380376,1.58633832791978,1.506849132697,1.36430586602474,1.33334717020667,1.39938314175004,1.41907755167248,1.14484430618648,1.12494487178842,1.08169224509792
475.94015329424,1.3122310570578,1.13526984610196,1.36624368403081,1.55623352626417,1.5271542852887,1.57502021001521,1.66304801275245,1.65650602894911,1.61152066757962,1.52919865522724,1.38734397541636,1.35649704614816,1.42150493595335,1.44424201875857,1.16406471983034,1.14388540512868,1.10055859651384
479.29103597168,1.33351501545608,1.15538259039672,1.38750434627573,1.57766432681586,1.54706388558352,1.59626237481738,1.68711696885967,1.67991427480868,1.6339459894134,1.55006133860998,1.40849537505499,1.37897376528967,1.44333251012431,1.46795377170996,1.18215365171331,1.16232894402624,1.11856707342431
482.64212649,1.32959806678271,1.15342150095341,1.3828779341295,1.56935279827016,1.53865190581604,1.58719132630275,1.67849536012261,1.66951951204966,1.62569758520072,1.5416169103848,1.40231342964746,1.37388559958357,1.4366130681049,1.46483396219016,1.17809053296802,1.15881638658371,1.11548754937134
485.99341332992,1.31726735705744,1.14439271938013,1.36869048269642,1.54871095480464,1.5192431490174,1.56658388492024,1.65764738170344,1.65144609241217,1.60621139178532,1.52230374227903,1.38782120761088,1.3603392829476,1.42034293142908,1.44887286730735,1.16667297054478,1.14737821629673,1.10469512259302
489.34488497216,1.333643257239,1.16048255829366,1.38479574426465,1.56247956711661,1.53293285443792,1.58061684614813,1.67411081631249,1.66653208623285,1.61996767964804,1.53590578355552,1.40280605897039,1.37561908724831,1.43407865518086,1.46594377028846,1.18006840823358,1.16157975171655,1.11771096162598
492.69652989744,1.37349443738295,1.1965179705647,1.42501931007493,1.60317369200277,1.57267917282553,1.62255607225468,1.71954957606704,1.71085003435411,1.66455300343571,1.57689057413599,1.44229958111815,1.41538493045166,1.47323049655586,1.50815638914233,1.21391173208493,1.19506154239457,1.15055089779445
496.04833658648,1.39257931513554,1.21532504591896,1.44437914717849,1.62104019113004,1.5891698006645,1.63869501174764,1.73845148116188,1.72978966440866,1.68295398382158,1.59309673355388,1.46034165384491,1.4340432135681,1.49043236851535,1.52783103614398,1.22953151721989,1.21130894726888,1.16656775220343
499.40029352,1.38536976070752,1.21082577272731,1.43558299503695,1.60718220850594,1.57620080403293,1.62466146906623,1.72437532174626,1.71520307326869,1.66908560207723,1.5792049939189,1.45003225574391,1.42466931764602,1.47913093552943,1.51835993671042,1.22151125653063,1.20385374984608,1.1592049524493
502.75238917872,1.37989692169073,1.20782111910656,1.42959353624416,1.59436818929293,1.56466955675614,1.61198372104904,1.71134874582102,1.70284833721938,1.65642041783393,1.56663438057222,1.4419001239177,1.41716069160769,1.46995826056198,1.51006932794755,1.21531271701568,1.19765193020047,1.15336042673021
506.10461204336,1.39686695760282,1.22421832702866,1.44632119954673,1.60851210570501,1.57790441046448,1.62582104870217,1.72794571655959,1.72080125515966,1.67165452042294,1.58057406261872,1.45810900652194,1.43381174440491,1.48431805948267,1.5255091546328,1.22931580122045,1.21254383533277,1.16647995854021
509.45695059464,1.42341056403891,1.24936395067121,1.47237195136134,1.63532803595199,1.60347958749771,1.65319759784147,1.75847154433575,1.74819587676239,1.70130501397511,1.6074697294482,1.48665220985245,1.46375958335991,1.51146530735088,1.55738828335631,1.25334835416251,1.2366035302725,1.19029607750195
512.80939331328,1.4281276452137,1.25513604441255,1.47676420681759,1.63736475594707,1.60588055029568,1.65570473585111,1.76249487941573,1.75188162442019,1.70529570506837,1.61041871084313,1.49311853918674,1.47092857809376,1.51605785113675,1.56511739296051,1.25990933290748,1.24327833174373,1.19689695459013
516.16192868,1.4214166755646,1.25142043359013,1.46922930547685,1.62653617657914,1.59497611555066,1.64188879564934,1.7514277001363,1.7415649436141,1.69431413357302,1.59982771034221,1.48682012453599,1.46552173737749,1.50845284242406,1.55877721564945,1.2555140854209,1.23898750958439,1.1928973590647
519.51454517552,1.44358683478735,1.2718054340699,1.49095191986554,1.64812205203288,1.61569472910771,1.66384541507793,1.77521266176404,1.76525641037351,1.71771812779071,1.62204794461767,1.50988795489631,1.4904488436908,1.53080735404442,1.58381969635402,1.27561698766828,1.25907082498001,1.21203786911873
522.86723128056,1.48435342992388,1.30945875386916,1.53174414316663,1.68858233331571,1.65523620028171,1.70550474778661,1.82225130682136,1.80993536492091,1.76080088885075,1.66321164076253,1.55299984514167,1.53242402139076,1.57144051159849,1.62914886323882,1.31097885287697,1.29497625530266,1.24670433845079
526.21997547584,1.51967082554794,1.34159064645618,1.56665353338185,1.72404739890666,1.69028307248717,1.7408480057724,1.8617978763001,1.84893009757877,1.79954320037367,1.69934851321451,1.58820352759982,1.56840527200097,1.60623291671529,1.66755603795682,1.34128798180175,1.32538993180971,1.27590335462859
529.57276624208,1.55330301730989,1.37226379251984,1.59947186957502,1.75701098632001,1.72319262834975,1.77448113332835,1.89858506856961,1.8848511466809,1.83600240739052,1.73177989123193,1.62141343958112,1.60272875228127,1.63906523337792,1.70400217940359,1.36978662896341,1.35381239668362,1.30345527670863
532.92559206,1.58114951771996,1.39813270518757,1.62684129297974,1.78460754268935,1.74937542395651,1.80144944339303,1.92909258326856,1.91479610220428,1.86487427895941,1.75904099673892,1.64866809025121,1.63100814433929,1.66714257044774,1.73425036491306,1.39344737758926,1.37747969687208,1.32660816878245
536.27844141032,1.59001348976356,1.40765616783268,1.6349843500921,1.78918056778791,1.7541949547287,1.80618789803961,1.93502877804341,1.92066981659088,1.87181245841538,1.76446477907344,1.6560626243752,1.6399984057458,1.67293423007609,1.74333699066377,1.40000513129526,1.38405227639986,1.33296938360272
539.63130277376,1.58885952765119,1.40788953942773,1.6325236675784,1.78222266952558,1.74724913203588,1.79907100771074,1.92798899650229,1.91383625401363,1.86419784545622,1.75721141702973,1.65235309046889,1.63544592670371,1.66769618587102,1.74012777652447,1.39617113785368,1.38239557114284,1.32982799473295
542.98416463104,1.59596978720285,1.41587330211471,1.63867799879521,1.78268579277252,1.74923563725307,1.80131743639364,1.93305820953716,1.91717188297391,1.86651957765896,1.75983455894325,1.65644598743505,1.64060788475989,1.67091315386298,1.74599085849709,1.40101517773688,1.38640333964467,1.33528429598425
546.33701546288,1.62072051956739,1.43984625530293,1.66345523473033,1.80687264488161,1.77114831607776,1.82382394696745,1.95756803936056,1.94236298555678,1.89284020765574,1.78232224663708,1.68015128379183,1.66487075363795,1.69369585789321,1.77279507280741,1.42155867874585,1.40737598641173,1.35504171446913
549.68984375,1.64780358782963,1.46460736404911,1.68923172438227,1.8320498737915,1.79597365408244,1.84927434975472,1.9866266672891,1.96929643597732,1.9197449379845,1.80769885192074,1.70671613990109,1.69274961096597,1.71889506229933,1.80184819312159,1.44464177768057,1.43029316490551,1.37668714330756
553.04263797312,1.66571805924462,1.48139829802279,1.70668919420362,1.84650253112953,1.80974711143038,1.86410242919294,2.00311891653453,1.98523094003181,1.93594241364318,1.82304277869454,1.72241528526094,1.70982117372548,1.73433156517447,1.82235477959828,1.45887903696323,1.44553931064365,1.39133819957508
556.39538661296,1.66847698977151,1.48559078519741,1.70840203774993,1.84535847301479,1.80761697513344,1.86187985160542,2.00191916583253,1.98420205036124,1.93436845275709,1.82186140124145,1.72403665131125,1.71091386008004,1.73375748691014,1.82220833335049,1.45966350452435,1.44692132813121,1.39223573340987
559.74807815024,1.66527376962495,1.48434746641373,1.70435610794364,1.83584941195507,1.79925158891854,1.85292839603879,1.9934626977584,1.97477387802031,1.92598012748994,1.81256201801925,1.71614256819214,1.70430810067891,1.72574133878828,1.81688280352818,1.45412706923876,1.44107434771681,1.38715824070199
563.10070106568,1.66038226520412,1.48024174952307,1.69733741893961,1.82374724726043,1.78658133116912,1.84048838110011,1.97991463987225,1.96151303579086,1.91377867583654,1.79999486933405,1.70550779014945,1.69386120528781,1.71361381321314,1.8076450117903,1.44510400299552,1.43194668969755,1.37887985767443
566.45324384,1.63769666731934,1.46193112232039,1.67372517174038,1.79382587679856,1.75629086719555,1.81001452669088,1.94595015938605,1.92798927137374,1.88017196808017,1.76845140203384,1.67647721249827,1.66553902507358,1.68544109353134,1.77845212518197,1.42119780261486,1.40878551058569,1.35503369403612
569.80569495392,1.61435772532596,1.44283556111219,1.64993016138862,1.76063505563162,1.72515776411384,1.77815066728625,1.91124420387338,1.89374511326351,1.84592990551891,1.73556271810374,1.64596248395197,1.63505198599242,1.65365468239226,1.74809558265873,1.39566302200876,1.3839958601992,1.33106408489241
573.15804288816,1.60905753882272,1.4393262157051,1.64324601098775,1.74929558601549,1.71343926713098,1.76640544772387,1.89880767419223,1.88082165531424,1.83345296184643,1.72307699599667,1.63556377289346,1.62470603649727,1.64278463047242,1.73912885659457,1.38635176947853,1.37542129550599,1.32260554944599
576.51027612344,1.62493726594337,1.45414140501295,1.65812774386804,1.76037656568329,1.72398140743865,1.77852928635255,1.91333059920458,1.8935197771965,1.84627219616113,1.73510298094772,1.64762899749205,1.63725506486722,1.65351043911471,1.7520727675957,1.39665446671191,1.38623733705821,1.33300696752476
579.86238314048,1.65581700827268,1.48167082572785,1.68735072065968,1.78829108082768,1.75013395578377,1.807535806602,1.94492428322705,1.92327942158518,1.87820721977604,1.76330281313815,1.67505502038024,1.66711275260036,1.68075492346149,1.78642803830112,1.42003097276588,1.40996047262233,1.35627631477377
583.21435242,1.65249037054405,1.47964958938534,1.68226598955896,1.77934058494206,1.73965094067873,1.79788285118091,1.93627728643286,1.91088681130396,1.86853416388199,1.75386838081596,1.66704153741982,1.65978127816891,1.67141403876981,1.77935080106671,1.41298086261012,1.40288733145641,1.34953021509949
586.56617244272,1.57156211594278,1.40971194584028,1.60060302612773,1.68504041153141,1.64831381498133,1.70369964082191,1.83314782770091,1.81089243086583,1.76865563341972,1.6595868830205,1.57819027845276,1.57130944969566,1.58232292912478,1.68579841027276,1.33790108334638,1.3284209073073,1.27677488804219
589.91783168936,1.49557734770262,1.34441242241052,1.52335732965657,1.59458958415938,1.5622818484252,1.61313720477223,1.73658368559191,1.71805367905371,1.67474771510427,1.56944373118036,1.49446061536942,1.48675974192978,1.49784251770339,1.59719999002341,1.26726453682435,1.2581862427466,1.20818869183532
593.26931864064,1.49687050493107,1.34828450899091,1.52496794832905,1.59287932184006,1.5597149185057,1.60999331423126,1.73612619558778,1.71793429741928,1.6722361059767,1.56789769159921,1.49451057168441,1.48552205506966,1.4960146262574,1.59817574258636,1.26663762271278,1.25815045762236,1.20713256839842
596.62062177728,1.54948391732026,1.3964984640078,1.57695186014756,1.6453307693172,1.61165356818409,1.66412048328923,1.79750304080098,1.77755103891794,1.73177729902447,1.62319264597145,1.54708282724705,1.53983947813392,1.54828519405154,1.65688442124765,1.31237833189044,1.30367756846883,1.25098293237799
599.97172958,1.61658993475149,1.45868153345319,1.64416816998715,1.71682497061794,1.68061376840666,1.73558017470714,1.87774513990502,1.85700966461241,1.81050845502636,1.69613391262335,1.6176818599945,1.61158928728267,1.61810382432569,1.73389231738235,1.37205854870929,1.36241999503882,1.30835488974402
603.32263052952,1.67404572058074,1.51159540456458,1.7009896466555,1.7748425768329,1.73876265247814,1.79597655314192,1.94454183157948,1.92410292826907,1.875616890177,1.7587769976867,1.67603325364162,1.67140444318603,1.6759881678255,1.79879441664979,1.423060011723,1.41239721620922,1.35677446913955
606.67331310656,1.70606593733795,1.54250103785127,1.73300058476551,1.80716523433671,1.77060332814394,1.83026961261627,1.98247547395208,1.96344115867802,1.91263593921203,1.79339491807631,1.70822112533992,1.70599346198921,1.70748874286846,1.83539628991654,1.45000532764623,1.44007239037696,1.38404703855576
610.02376579184,1.71093213273926,1.54955236102974,1.73646496345278,1.80972244630519,1.7717139859427,1.83361248497768,1.98611771324925,1.96808909923569,1.91620950207323,1.79765185261073,1.71151557052667,1.70849405827664,1.71091281360722,1.84089193392786,1.45210472714013,1.44298223299396,1.38696254583675
613.37397706608,1.70271640770802,1.54513044051876,1.72794235885384,1.79797472530791,1.76011635269951,1.82153495905212,1.97126237708704,1.95610337600333,1.90384512626842,1.78596178433553,1.70041947078594,1.6988386147101,1.70051338302807,1.83264008168392,1.44249805540667,1.43421030003875,1.37997793671409
616.72393541,1.69642833626514,1.5417154071679,1.72012340155777,1.78683912960753,1.74677745422058,1.80973660273981,1.96248929804731,1.94388485383305,1.89360695663384,1.77426470942188,1.69054471045769,1.6894447454446,1.6902835676848,1.82431311751763,1.43412656309044,1.42617357864326,1.37094386053079
620.07362930432,1.69186356086755,1.53791107554815,1.71235894532041,1.77298052010393,1.73333818684918,1.79562813828489,1.95022083599707,1.92989758915741,1.87992560563889,1.76199476502092,1.6807297821363,1.68048174250952,1.67823338331191,1.81519126368763,1.42513105782508,1.41788189970038,1.36268708178242
623.42304722976,1.67029477632293,1.51947078459727,1.687420658053,1.74224840047735,1.70202066748676,1.76387582174971,1.91915397957518,1.89557737531012,1.84962771636177,1.73068297789699,1.65369227586333,1.6562128409807,1.64912121886591,1.78668247847088,1.40249751708042,1.39482640812996,1.33993927913922
626.77217766704,1.63262794152672,1.48920694272117,1.64815988780687,1.69584163640257,1.6556121179939,1.71612324614409,1.87161146772936,1.84608539542418,1.80174435019811,1.68430629062231,1.6121897806639,1.61363993841913,1.60376073871161,1.74353617143762,1.36580140158725,1.36015320192127,1.30568783088985
630.12100909688,1.61092605325352,1.47108615679247,1.6238144484936,1.66582986431599,1.62598276541577,1.68668053050215,1.83992178475112,1.81424842969311,1.7705078609626,1.65473810037183,1.58605577890564,1.58783853398992,1.57843702368698,1.71564189139955,1.34411741467582,1.33797447793495,1.28344697956126
633.46953,1.62408848478186,1.4859135837142,1.6363301530778,1.67524600257621,1.63340750949651,1.69416461551011,1.8510125636717,1.82279219146958,1.77998683338938,1.66300480105201,1.59607098157539,1.59790111889776,1.58910437393785,1.72933432990333,1.35292864071006,1.3475159232519,1.29177227124759
636.81772885712,1.65155445936439,1.51261248292996,1.66192628367789,1.69957515681376,1.65586868005493,1.71968893340086,1.87810214091935,1.84809364808321,1.80675088441126,1.68881404197084,1.62031523621797,1.62347870185305,1.61178454237056,1.75725064474773,1.37308454322314,1.36783283482333,1.31089267492674
640.16559414896,1.66299159297208,1.5264600872374,1.67193313487178,1.70700848978261,1.66240940739669,1.72767836977831,1.88683048636526,1.85892225185344,1.81585427168942,1.69739096744263,1.62646976242745,1.63121892979839,1.61874090510371,1.76742284961035,1.37891271698202,1.37452569654382,1.31862442095998
643.51311435624,1.63112032256708,1.49985110105911,1.6393791782319,1.66979538174072,1.62541362373791,1.69060332005652,1.84615459717301,1.81839176740924,1.7756742662315,1.66030155303404,1.58860139748779,1.5929038796208,1.58182144212654,1.72827604273324,1.34673710915093,1.34319110739295,1.28830136418068
646.86027795968,1.56585299250369,1.44340343606331,1.57341993714941,1.59734471015969,1.5553346614597,1.61692603630035,1.76462073190371,1.74173447897967,1.6974075743903,1.58730824620194,1.51498437716785,1.51923843609078,1.51019491037133,1.6510655892585,1.28656543418224,1.28322156864443,1.22999959233692
650.20707344,1.51894681689497,1.40358772076459,1.52663152662101,1.54449706099262,1.50433880787245,1.56347194826938,1.7062368167006,1.68566441318175,1.64303226343589,1.53498207397076,1.4621924232535,1.46575803944274,1.46213232859862,1.59535216268054,1.24285204658182,1.24013276344873,1.18771770467802
653.55348927792,1.50588612200849,1.39294158485193,1.51235082693878,1.5265408051481,1.48758887897747,1.54450790339367,1.68822405530915,1.66833283198589,1.62441841700899,1.51887525591097,1.44742470242277,1.44970476484728,1.44290584567195,1.57864693761394,1.22978557943705,1.22661309438938,1.17438573688514
656.89951395416,1.52830171288017,1.41591767501598,1.53299334161242,1.5440565761792,1.50444054660667,1.56403225251746,1.71097828831464,1.69064599851656,1.64638867137756,1.53950044003597,1.46587306705776,1.46918371738614,1.46226435174805,1.60203553763742,1.24608716801806,1.24372393852321,1.18973958007374
660.24513594944,1.59081851946443,1.47633189022676,1.59396455464056,1.60398750063156,1.56160224109655,1.62387255254379,1.78125339075514,1.75744834653046,1.71215735842819,1.60008395583931,1.52523129144512,1.5280492999047,1.51904702385289,1.66893875787011,1.29508295896332,1.29348754950469,1.23783188242803
663.59034374448,1.6422452941318,1.52475597802168,1.64214358604982,1.65148319826329,1.60597277019386,1.67214220501179,1.83405808240764,1.8097903439723,1.76312377480257,1.64869947988588,1.5704579115401,1.57445389437219,1.56624865996135,1.72059910918634,1.33446693881734,1.33338937041318,1.27439530645316
666.93512582,1.66149590557562,1.54617923310373,1.66137958879133,1.66773255716482,1.62248817206046,1.68759468745579,1.85369139375045,1.82911164925185,1.78330550692714,1.66602435663763,1.5861115259345,1.59153420277584,1.58366960169094,1.73976932234998,1.34883334837293,1.34752640300313,1.28747856869923
670.27947065672,1.66482708858345,1.55236355125587,1.66406227384107,1.66655749219915,1.62073102617385,1.68702419172136,1.85410167596719,1.82871852563145,1.78231915570636,1.66586766913614,1.58731552932469,1.59274057849824,1.58219446997551,1.7406550118918,1.34931296346536,1.34855883486257,1.28721427289849
673.62336673536,1.6657934889889,1.55460007977033,1.66172548637193,1.66005345830889,1.6132698265114,1.68089977305027,1.84850390539543,1.82425763472222,1.77742636781535,1.66095852538707,1.58341452170898,1.59097659532267,1.57509028634524,1.73906224160035,1.34805126831464,1.34546110924223,1.28474718514612
676.96680253664,1.66176210625324,1.55485542225523,1.65616502239037,1.65135275665751,1.60369367057243,1.67254062464277,1.8403853349264,1.81552393484545,1.76868791361212,1.65379774342302,1.57770660826775,1.58561045162358,1.57022640123269,1.73427048852439,1.34132758672548,1.34169070357184,1.28079903441056
680.30976654128,1.63480396287434,1.53298626750829,1.62808159141479,1.6190499050821,1.57059052154579,1.63966033844475,1.80540334084515,1.77940853153402,1.73520998825796,1.62108823212303,1.55141060083535,1.56130753815456,1.54050677907424,1.70582001372504,1.31824667188459,1.31828350912027,1.25883128050328
683.65224723,1.54112010903657,1.44883067362877,1.53418032464937,1.52145658488776,1.47648560734869,1.54088987157027,1.69700331898969,1.67480096007736,1.63101228304091,1.52318647720211,1.46399055782628,1.47458148127605,1.44991495921089,1.60805698538744,1.24356152715443,1.24315083329563,1.1869262217619
686.99423308352,1.41850427905826,1.33777192006473,1.41523393420235,1.39520837949643,1.35593904826207,1.41362473252841,1.55923040097891,1.53778558100389,1.49710590341768,1.39763870847774,1.3505495104175,1.36262560105522,1.3321142688183,1.48147246595497,1.14565945104304,1.14552723107255,1.0934545993628
690.33571258256,1.35300568405182,1.28009814934144,1.34966485227264,1.32415178363298,1.28681631487106,1.34244673683583,1.48086644198115,1.46317685992225,1.42097293269743,1.32580858886905,1.29134066763108,1.30643033993493,1.26568567578342,1.41237666245339,1.09403573516753,1.09338575772877,1.04343626602535
693.67667420784,1.36516916563407,1.29592423659783,1.36176567780622,1.33139935711,1.29275455710684,1.35016968854011,1.49251943972971,1.47192179361273,1.43183063852173,1.33435663670924,1.31291313114358,1.33180614447846,1.27808438407306,1.43102352072718,1.10965759197105,1.10865030896345,1.05803756630267
697.01710644008,1.39671147400703,1.33080778283009,1.39380978950219,1.36005671174775,1.31976131065495,1.37893966612847,1.52774179123451,1.50571494586829,1.46442604907944,1.36387382679044,1.35581474657188,1.3782337612918,1.31044075234865,1.4730210940814,1.14490316878595,1.14223641718078,1.09094393379461
700.35699776,1.4397991422842,1.37570799551164,1.43829114037207,1.39983696922605,1.35857139416585,1.42049952989834,1.57529340421429,1.5532348139865,1.5129881420142,1.40667817567343,1.41328781323718,1.44145982199241,1.35640126291368,1.52895316247601,1.1919316213478,1.18887491208408,1.13528656428864
703.69633664832,1.5077110537765,1.44528161250762,1.50799907601814,1.46482731804281,1.42098539883882,1.48623568299111,1.65458114808067,1.62970858135513,1.58713977305574,1.47573586832006,1.49931522238989,1.5330325596105,1.42807461640229,1.61428383765842,1.26272085908071,1.25763511604604,1.20185610696555
707.03511158576,1.59461445714169,1.53193118901446,1.59535981169335,1.54782907135376,1.50056254964593,1.56960216586949,1.75193234982229,1.72799753194817,1.68043284150125,1.56422835200364,1.60137068970696,1.64681431616899,1.51639259906665,1.72081437596103,1.34913003398515,1.34337673263319,1.28354985279125
710.37331105304,1.62934936926145,1.56850022501532,1.62877423864344,1.57879608805479,1.5275108445898,1.60139114730047,1.79062049300257,1.76374995327594,1.7181972740398,1.59867536209898,1.65414715605091,1.70199149282484,1.55420352432841,1.76807331913827,1.38852301907398,1.3825305056319,1.32096700709072
713.71092353088,1.51000695745995,1.45935784674368,1.51202562848548,1.4593770402143,1.41197603664668,1.48174535693052,1.65620308102689,1.63312564254343,1.590130832481,1.4788882158295,1.53930125959215,1.58485028495212,1.43921182025067,1.63871600055315,1.29018411251487,1.28390528676997,1.22634594176966
717.0479375,1.30927863864634,1.26913328107455,1.31301481372612,1.25953931905137,1.22150865742001,1.28014185423955,1.42812877869634,1.41204234135236,1.37196456645625,1.27478201376596,1.33422437359894,1.37313335747565,1.24488447780808,1.41554179848738,1.11686885812367,1.11012583301173,1.05977445421428
720.38434144112,1.19653094656615,1.16385245278518,1.20203045550648,1.14630621749597,1.11118495028667,1.16470901292535,1.3010491206828,1.28592486470279,1.24812808749886,1.15983625767607,1.2227800562803,1.26002925501383,1.13461299117229,1.29105408075467,1.02041808471814,1.01453334900457,0.967500517220728
723.72012383496,1.19565975050261,1.16630456686855,1.20019739805478,1.14101309825913,1.10593651010132,1.16014011879988,1.29568375332324,1.28406770537992,1.24457452688371,1.15751647030732,1.22897800959152,1.26842273020001,1.13568965316472,1.29504687822742,1.02442333288625,1.01723772039211,0.969641690812673
727.05527316224,1.25405791855012,1.22681914632517,1.25905274105611,1.19636655981245,1.15884366864883,1.2158436160881,1.36229835731308,1.34882966522044,1.30863792644503,1.21695678827851,1.30002985578007,1.34502690307929,1.19739676264706,1.3670137823681,1.08237295492202,1.07519610564473,1.02529349518343
730.38977790368,1.44309024070098,1.41644630082676,1.45019714535935,1.38223236428984,1.33480714444017,1.40168727099095,1.5785563375921,1.56249239971962,1.51650367990325,1.41349005251463,1.51946646122195,1.57609771253509,1.39233620827412,1.59532471298091,1.26439484417607,1.25548578146949,1.19718667074268
733.72362654,1.7150655690909,1.68561206137647,1.72089385748389,1.64530258101308,1.58958467413217,1.66884448369743,1.88584961538943,1.86569647676782,1.81663186633597,1.69231736878377,1.82965548708219,1.905133132276,1.67068035180474,1.92186299803586,1.52285131084767,1.51152552301272,1.4428288568243
737.05680755192,1.98651359566373,1.95329839873255,1.9911426873154,1.90901302953445,1.84334571957571,1.93546668520503,2.19773479771214,2.17417894118561,2.11629903417722,1.9741754723392,2.14627984393721,2.23772304270228,1.95149794634082,2.24938339916257,1.7828573223473,1.76932964901615,1.69034560337279
740.38930942016,2.23386528579449,2.20085860132014,2.23898371583294,2.15192059522053,2.07648286863537,2.17985817913401,2.481456307238,2.45917846254636,2.39181020464315,2.2351014006184,2.43941451429437,2.54810928521502,2.20970549100578,2.55394263606944,2.026153215463,2.00944483194427,1.92094803835705
743.72112062544,2.44832951458659,2.41498658292339,2.45082939926579,2.35906193410799,2.27534470577927,2.39049526513586,2.72911574055962,2.70212689076148,2.63107818373323,2.45915025156479,2.69543567177625,2.8206090612446,2.4340581803702,2.81993713967286,2.23657390766937,2.21727716003103,2.12064993858699
747.05222964848,2.58578641697788,2.55565115087644,2.58834805967422,2.49156899495575,2.40117540078913,2.52445674174262,2.88778400067927,2.86103840991169,2.7854736343049,2.60498330506581,2.86420490691589,2.99926165860372,2.57977148628464,2.99374856114106,2.37567325697843,2.35548683857669,2.25218340785167
750.38262497,2.6449929077184,2.61945772496714,2.64569763625411,2.54639315392277,2.45397464284588,2.57822834041063,2.95173261142021,2.92443510022298,2.85048171190359,2.66555893840573,2.94191408252361,3.08630505405532,2.641870129605,3.07134144451423,2.43897615649784,2.41670224487435,2.31161754568304
753.71229507072,2.55929023794532,2.54023733963392,2.55936831609827,2.45926834512299,2.3668019588786,2.48887580869877,2.85298615440737,2.82549712473334,2.75704929624202,2.57593404286631,2.85931976566315,2.99890503838456,2.55521966358801,2.9762168282012,2.36368069572941,2.34257588836,2.23970170142762
757.04122843136,2.13617365598336,2.1284911164626,2.14213587089277,2.04882672021622,1.97493411289149,2.07644581251689,2.38002878145434,2.35930164509504,2.29668811550647,2.14723301142595,2.38262150451836,2.49936728316403,2.13125920068403,2.48126216617457,1.97442550625551,1.95588094467892,1.8699292454759
760.36941353264,1.59630216097382,1.59375681684805,1.607308914857,1.52359407959248,1.47359151107671,1.55076503471387,1.77264262400979,1.76259908777328,1.71053440472741,1.59735547127337,1.76552165297061,1.85104748222248,1.59119138071757,1.84232429269948,1.46936606284638,1.4551908798715,1.3895703899776
763.69683885528,1.53261367622059,1.53590262915077,1.54326530463113,1.45634506436385,1.40858899496369,1.48289122458205,1.69698671974298,1.68871590590061,1.63617147059171,1.52678958226263,1.69464507371864,1.77645257905602,1.52447045206545,1.76722108992162,1.41004290798056,1.39630825341475,1.33302001591406
767.02349288,1.99320674065291,2.00305351409958,1.99854589919233,1.89437311009388,1.82423189024919,1.92012115282167,2.20215821619369,2.18600972373134,2.12605237460304,1.9863618439419,2.22847540221785,2.3472518138817,1.98319740721408,2.31660913880512,1.84492653492468,1.82762457871503,1.74437409161061
770.34936408752,2.46204225577072,2.47615177197138,2.46066931680244,2.34114701307753,2.24887434499479,2.37079867945019,2.72437617745516,2.69960117726914,2.62993780879818,2.46009158929606,2.77506278663919,2.92775235691144,2.45453910165363,2.87780300749736,2.28958281133316,2.26840963231492,2.16750104119772
773.67444095856,2.70154397043369,2.71826220276864,2.69728212022022,2.5681728086333,2.46585993940552,2.59901352997947,2.99103025759713,2.96750148353913,2.88834440912404,2.70334670345266,3.0542036172707,3.22477945879028,2.69479149201347,3.16514940194711,2.51942152781577,2.49520118807377,2.38331129968268
776.99871197384,2.79059456056015,2.81157382926844,2.78378903535273,2.65017424437053,2.54151585387877,2.68072334176254,3.08754060777997,3.06383532725665,2.98063058017066,2.78859418140635,3.15567950714466,3.33891108742888,2.78445953945461,3.27308758755716,2.60494017553736,2.57961254026727,2.46429540735608
780.32216561408,2.79496476016564,2.82232273349139,2.78687871862247,2.64648091287149,2.53921233941656,2.68084431753099,3.08841847044333,3.06461302775584,2.98206241227635,2.78904141531402,3.1692000869874,3.34837326422904,2.78656801861246,3.27887802098333,2.61043108046459,2.58504874732336,2.46913929445311
783.64479036,2.71960313061231,2.75310357922913,2.71317694131837,2.56876916517167,2.46682412830026,2.60187010946901,2.99670019547539,2.97890609336729,2.89451051008738,2.70813727013385,3.0825228951022,3.26021926766662,2.70444307753304,3.18633541565039,2.53906466952228,2.51349889953654,2.39930104945825
786.96657469232,2.58291358498491,2.62154641665963,2.57730200975894,2.43134941143998,2.33348678261727,2.46202053418978,2.83693980592301,2.81635907427617,2.73852724661905,2.55994982125265,2.92312891043916,3.09164094154265,2.56202455897737,3.01765029497427,2.40510294474705,2.38063103833136,2.27257386490545
790.28750709176,2.47515365530583,2.51868970539957,2.47079790959188,2.32301371114201,2.22715324666016,2.35230227326517,2.71018817380774,2.69201201160358,2.61407146643768,2.44623237465578,2.79838697593191,2.96067413846912,2.44759046196333,2.88559497222164,2.30119501259608,2.27864563843302,2.17425655648836
793.60757603904,2.42656024728959,2.47324642501314,2.41617635406085,2.26970745046914,2.17443279536623,2.29867662894699,2.64595594805359,2.629502366817,2.55404919017608,2.38770664127781,2.74315135704287,2.90458238915409,2.39241643505396,2.82606828508696,2.25339026955035,2.23070958667304,2.12809835336949
796.92677001488,2.3789369786036,2.43364279881015,2.36993333208337,2.21811030324397,2.12587784822496,2.24890862963358,2.59131089681232,2.57290955140569,2.49978271310917,2.33650011726348,2.69120907423085,2.85138565299122,2.34151127854939,2.76909425846912,2.20909311304459,2.18696274131169,2.08482082771379
800.2450775,2.33896544530053,2.39557981249214,2.32857180137261,2.17704803176476,2.08399065632251,2.20460507633766,2.53927286520686,2.52114347553175,2.44526620960709,2.29003098384685,2.64726744312784,2.80248405555166,2.29821154520436,2.71917076172638,2.1696557883349,2.14759898467472,2.04700786131563
803.56248697512,2.32705194024938,2.3905612644697,2.31627323151354,2.16302196942993,2.06802647084139,2.18726696044118,2.52182674545912,2.50522242579464,2.43206563401655,2.27509154037554,2.63635053455375,2.79900000766437,2.28455370175478,2.70748451371683,2.15964905569456,2.13787745641163,2.03779616591662
806.87898692096,2.26457261631835,2.33108610426839,2.25149171393845,2.09959335611368,2.00399115543805,2.12191535831794,2.44630078919953,2.43114277619318,2.36036256291778,2.20905911105782,2.56647794316511,2.72558767290969,2.21596618478105,2.63179376192127,2.0994817445231,2.07864194698048,1.98064351543521
810.19456581824,2.01835029815033,2.08244358687298,2.00683975191301,1.86355409668969,1.77905029572109,1.88474886110201,2.16932349015709,2.15551987735561,2.09112000876849,1.95391984548758,2.27624541856326,2.41562724590585,1.96361499746262,2.33115402901288,1.86101997665009,1.84254719496893,1.75419489781675
813.50921214768,1.67226041048652,1.72899276885865,1.66482875171103,1.53549915073202,1.46783355742738,1.5543319522252,1.78577246638763,1.775509588522,1.7208198059614,1.60618261898281,1.86577244056971,1.97868512757908,1.61315422556571,1.91199745193991,1.52710534715663,1.51098547854186,1.43783618563996
816.82291439,1.46994374112218,1.52247203565842,1.46273062311095,1.34000508420159,1.28407072245371,1.36060220519426,1.55754929470713,1.55028227466232,1.49933721025864,1.40022373388632,1.62776823167741,1.72803141569861,1.40897669683582,1.66881062548271,1.3317995298708,1.31849112152009,1.25319098095327
820.13566102592,1.46739701924051,1.5243032052318,1.45821126088829,1.33913118280963,1.27696848515727,1.35373992050751,1.5523739754586,1.54205270637244,1.49430844102266,1.39302119298403,1.63149624216252,1.73175360217954,1.4062865984798,1.66640049054719,1.33143988153224,1.31709981027479,1.25222246213068
823.44744053616,1.55122747811415,1.61687714273958,1.54131334493209,1.41205778989631,1.34596548740628,1.4283987213781,1.64005599524904,1.62918517034254,1.58569030600921,1.47688953928548,1.73470156017964,1.8455608448112,1.48622225811478,1.76888683509836,1.41315904046258,1.39824056798452,1.32892749449826
826.75824140144,1.63776498695674,1.7074447262688,1.62328928065646,1.48870534146037,1.41606477139857,1.50366391811014,1.72982420488362,1.71944527240401,1.66607986266149,1.55616840257785,1.83543103859322,1.95586491870227,1.56818548453869,1.87099203536093,1.49358251790001,1.47955661029796,1.40563063097169
830.06805210248,1.73389640381112,1.81432685291336,1.72140185707546,1.57871153681225,1.50162729656737,1.59555628395694,1.83802644116395,1.820797450339,1.77016404924552,1.65288296206155,1.95686929298385,2.086173488873,1.66801720508117,1.99618609794554,1.59140974104906,1.57486247288265,1.49711510241536
833.37686112,1.90152711784056,1.99490426922147,1.88600132622629,1.73289408035812,1.64991489850101,1.74944362429894,2.01881413437841,2.00649520423443,1.94655936561115,1.81840648688994,2.15969743151563,2.30726741307339,1.83734780641195,2.19909743356277,1.75889645669791,1.73976225204838,1.65378049170628
836.68465693472,2.11258009789674,2.22346632884242,2.09709986660274,1.93120076521748,1.83431981083372,1.94696648574452,2.25404367504315,2.24051109728796,2.17288832484922,2.03071602574527,2.42606252903799,2.59492556450494,2.0525794295296,2.46342421110123,1.9699778800121,1.94935808268156,1.85272451237733
839.99142802736,2.31060508416443,2.43363150189613,2.29145708639927,2.110693662237,2.00315308493709,2.12637927736243,2.46939928030973,2.45177562029326,2.38126703745834,2.22901199997421,2.67009149730118,2.85720345728626,2.25180842728983,2.70879662404623,2.16631376323638,2.14381013406977,2.03866074165341
843.29716287864,2.46212146682372,2.59633666783207,2.43851311041066,2.24770262910615,2.13231461741464,2.26486021086731,2.6333625733408,2.61994502424513,2.54163718077029,2.37748321786448,2.8575025854574,3.06353909315424,2.40337239339723,2.89999634181245,2.31955242160095,2.29436177356993,2.18199343805777
846.60184996928,2.53508445558441,2.68195312134821,2.51204163431796,2.31952828771933,2.19606840883686,2.33419000474532,2.71780020431649,2.7032146125087,2.62211080503467,2.45420902376499,2.95585898668253,3.17305945926081,2.48239057954393,2.99565725075933,2.3974503433562,2.37301414831287,2.25750935473268
849.90547778,2.52481718362884,2.675517538568,2.50327519915576,2.30770713184243,2.18834118447937,2.3227532596613,2.70586429413509,2.69519666912065,2.61238723971752,2.44367954620558,2.95109229484015,3.16820234662656,2.47257766471484,2.98640691018646,2.3947599778335,2.36762918227439,2.25285668239889
853.20803479152,2.51982129182471,2.67372527942017,2.49612874148684,2.30035890335755,2.18021124551583,2.31580860218114,2.70003444541641,2.687068031517,2.60518629438614,2.43638958490896,2.95132954667005,3.1704919409853,2.47263887826529,2.97929566816518,2.39228909907002,2.3652396263724,2.25035019936007
856.50950948456,2.57103891858547,2.73376251466374,2.5470002297921,2.34561870819372,2.21854495843664,2.36022669178755,2.75347291202191,2.73926634255312,2.65320664470226,2.48712591366417,3.02259490367884,3.24738681370096,2.51974517452064,3.05125238164905,2.44564316321962,2.4179455885919,2.29967677040362
859.80989033984,2.63811766600439,2.81291034999068,2.6106492766406,2.40278590225109,2.27205618411019,2.41709217329293,2.82285675477066,2.81456167552035,2.7231513638699,2.54961245920152,3.10788590962713,3.34749311070327,2.58507666366154,3.139202574462,2.51489957881846,2.48721886281798,2.36472027507854
863.10916583808,2.64166827122901,2.82306419507707,2.61411071404592,2.40483521737441,2.27464773989245,2.41979731848528,2.83040476250882,2.8165700738699,2.72956822666964,2.55770470509724,3.12127718027345,3.3632695793387,2.59307488281911,3.14852616646004,2.52360242297102,2.49516869825457,2.37255781475787
866.40732446,2.62212955196459,2.81074780594662,2.59860534420672,2.39720261042115,2.25895044679574,2.4042140985634,2.8036092379257,2.79921457299323,2.71078192910222,2.53723261576924,3.10660140926947,3.35202346999794,2.57816292689024,3.13436770134277,2.51226016615863,2.48271603236265,2.35957552338001
869.70435468632,2.63083879910619,2.82422160973532,2.60550714293656,2.3931582407516,2.25941603249473,2.40535072818035,2.81268401759477,2.80209635329767,2.70832883032,2.54488697319823,3.12055995656477,3.3683696583217,2.58609132814974,3.1427773781016,2.52067035647722,2.49228374472003,2.36830594733559
873.00024499776,2.63100183942918,2.82555109126549,2.60115771131003,2.3843231871389,2.25288998895785,2.39506438461283,2.80548662506131,2.79563510252966,2.70543074313745,2.53760766987804,3.12563940795106,3.36997452624702,2.57582029361864,3.14017799847134,2.51829859503888,2.48815814394536,2.36474286993929
876.29498387504,2.602696795314,2.79985281485989,2.56949704670303,2.3570832866835,2.22118557160683,2.36663065979053,2.77281157334636,2.77840908760296,2.67320741844961,2.50636538060761,3.0920053097048,3.33924390311949,2.5461122459539,3.11565932156336,2.48838951653728,2.46049222774227,2.33862215424011
879.58855979888,2.5587999200924,2.75832016887694,2.5252273857696,2.31091764013833,2.17907783068847,2.32294143076015,2.72026559961241,2.7092027747128,2.6223174105118,2.4583438448387,3.03907183750342,3.2827352435551,2.50088415668785,3.05561919847615,2.4469086794093,2.41815002230797,2.29771289148876
882.88096125,2.50429449462888,2.70648564946748,2.47360162625763,2.26109898166956,2.13218104024982,2.27226165571439,2.6578238219601,2.6476582495184,2.5627586959443,2.40049864969784,2.97723680868087,3.22043232164019,2.44420088337663,2.9895911407392,2.39715311675887,2.3670941513571,2.25022654760449
886.17217670912,2.42609196782953,2.62726083407917,2.393848217868,2.18857909766401,2.06202463358831,2.19378616863671,2.56723629260169,2.55762710848781,2.47931980443938,2.32054187217029,2.88630145307399,3.12064480177787,2.36348134149592,2.8873076503634,2.31816960423816,2.28571974165465,2.1738934904027
889.46219465696,2.26085549616394,2.45324917882287,2.23218491372952,2.02144099156644,1.91126124626486,2.03812065450122,2.39980048176932,2.37808298636754,2.29917434622381,2.15602681643612,2.68860140619875,2.90593297676992,2.1921269319898,2.68588671927352,2.15248013943946,2.12491562604489,2.02532054947579
892.75100357424,1.92061640048764,2.08494816430115,1.89151974187423,1.71937514590399,1.61937630110215,1.7239979635469,2.01439742038967,2.01039638523675,1.9408378484227,1.82080679383493,2.26143430706154,2.43980477962239,1.84943582239539,2.25813615646251,1.81237764450808,1.79137220995522,1.70160574221677
896.03859194168,1.50055607563686,1.63166226194643,1.47878604756505,1.33629963700927,1.26087061374189,1.34714728918484,1.56297912833713,1.55983975613128,1.50739542222817,1.40665521055112,1.74293242799398,1.87943905873056,1.43583455400015,1.74607180019983,1.39874607137033,1.38100301238547,1.30886752692334
899.32494824,1.24231301257521,1.35157370981082,1.23045161483339,1.10149910994873,1.04303541475399,1.11172370238189,1.28673609935746,1.2834735513446,1.23316622618201,1.15783632295651,1.43337598057833,1.54063224650111,1.17557642777644,1.42982213363575,1.14569819123146,1.13145367356817,1.07274237428317
902.61006094992,1.19429462250117,1.30090273514792,1.17481332225916,1.05455838330744,0.998730457514357,1.05918801617808,1.22409977529585,1.22180008837971,1.18261463369026,1.10109678432085,1.36934315947296,1.47966761337083,1.12878380442961,1.36946419562644,1.09576158451693,1.08287123417121,1.024335124444
905.89391855216,1.15008025523718,1.25875160444244,1.13664163511858,1.01629568936297,0.958648424775196,1.02225919949274,1.18286378446909,1.17649008581188,1.1339251378486,1.06368824076464,1.32807052318444,1.42891379500849,1.08347194897292,1.32308515492781,1.05846916767675,1.04247181510642,0.987680093728927
909.17650952744,1.04408523392203,1.13798180963159,1.0249647878183,0.918313527855237,0.865355289885138,0.920384520401554,1.06581421920957,1.06509101546324,1.0219289009662,0.957037801181604,1.19342680753976,1.2783703748363,0.975282259327728,1.18882460188128,0.947072457048501,0.937506443858371,0.888114915273595
912.45782235648,0.959500683836098,1.04541389343459,0.942213281489898,0.85286691780143,0.791997095786148,0.849468095252353,0.960564961603991,0.974022925636698,0.936979193005853,0.876006376367871,1.08704235827872,1.17204725354654,0.891970542886262,1.08594374896993,0.866735388821766,0.856126942683738,0.801453963800864
915.73784552,0.965332709255883,1.06035689147317,0.952836376646313,0.85162292784595,0.800129669239111,0.855833068486761,0.981993351278921,0.983792556680977,0.952738271441492,0.888830495560466,1.10095681246286,1.18875803608318,0.901676822131146,1.09397589550288,0.877611598786356,0.868759508208241,0.818903526517272
919.01656749872,1.05672920034453,1.1586974072326,1.04014915315716,0.930352998063475,0.871078871025756,0.935433637523851,1.07144423759643,1.06993886294151,1.03407331178789,0.96249274694615,1.21008924331513,1.31140095759167,0.988799169040985,1.20143333904931,0.963845475335589,0.949168072450058,0.898041785732127
922.29397677336,1.08519977944508,1.19421652449998,1.07030285042118,0.956986012887908,0.894851649094815,0.955210745350962,1.10772595196944,1.09833675921848,1.06429107289884,0.997067608833166,1.25519150870504,1.35003024556764,1.01399182601871,1.2155833174363,0.988896971254802,0.979192175386166,0.924888713950489
925.57006182464,0.937828708039934,1.02766028244583,0.921073449499303,0.816665897938323,0.766353931337688,0.82076539151319,0.950292824868568,0.950872551232691,0.912155111914507,0.85426529355427,1.07079309055404,1.15096096490698,0.860849328689662,1.06126901457203,0.852396579863786,0.838110465890767,0.78968260997353
928.84481113328,0.665445124554767,0.724080965931706,0.654861521236617,0.582885837096718,0.551991282684786,0.588751891731896,0.675395691306289,0.673657601044015,0.648672553523816,0.606697673689882,0.74474549277105,0.802276280452342,0.619863707426612,0.738662176853088,0.594919133316418,0.5865763000575,0.552574909301751
932.11821318,0.426569437257714,0.456312102672787,0.425346472204427,0.379868679010618,0.36624380160454,0.385236054958467,0.434597563675436,0.435239813788854,0.417119185588851,0.393447681408595,0.468178069605569,0.495886574498737,0.394135806530114,0.466710069346328,0.377338276226445,0.371833275254292,0.351625334185682
935.39025644552,0.312136089270914,0.332742265103484,0.312656072457688,0.271478530243917,0.279775001119354,0.283268252014275,0.3433327604575,0.322179185593812,0.31436788845378,0.289332923706846,0.335181841702685,0.356626520807617,0.294427247928606,0.343235725710419,0.275855644627166,0.272653497973488,0.266564567594147
938.66092941056,0.302563552529529,0.31302609167693,0.297300894743437,0.270599263337918,0.254411560612264,0.27106176913008,0.304156628035864,0.302101046737368,0.289202274089306,0.281185507025172,0.327898592033491,0.333962556864054,0.27640628050617,0.317929022735786,0.259709451747194,0.25169268468306,0.238768217268767
941.93022055584,0.307513776562855,0.323012796428927,0.299930359876591,0.274554458176067,0.256383178336994,0.276027805190046,0.313134322579145,0.314880511632749,0.292343759159665,0.29070670692191,0.327540382271383,0.338890611119813,0.272862837530388,0.32284749918982,0.262469147835979,0.260832095598225,0.246125909662399
945.19811836208,0.308375865436538,0.319844972928154,0.299121121543999,0.27153346297582,0.258581055860724,0.282413484952501,0.310160419305729,0.302676806305896,0.29858960228291,0.281319726129448,0.322249332613152,0.339404076258924,0.282183219937121,0.343203449012686,0.262192369702514,0.257874900664149,0.245469372960578
948.46461131,0.324673478157422,0.340293305541192,0.320126630143917,0.284824612057101,0.279919204528034,0.293000291272212,0.330911218595619,0.319768070628356,0.31437817840506,0.301660455181553,0.347989304067185,0.35513545330706,0.297118411173157,0.347141455852285,0.264925655295219,0.272374607468987,0.259323801018198
951.72968788032,0.348388046356376,0.360959271760777,0.339764664781391,0.308799321007494,0.297915603909971,0.311663457085789,0.333176301407208,0.342086946984127,0.338713631158578,0.313891118480018,0.36258143181104,0.383839686258832,0.314845830506117,0.368564293841257,0.297216332151604,0.290724290374134,0.273571297638566
