"wavelength","nadir","45","70","-70","-45"
319,59.6613490102275,62.352825516397,60.9910451713721,62.2494019337229,60.2311981391353
320,68.0749353444856,71.0109661938906,69.4878865977206,70.463198270007,68.6016982422585
321,75.884289109554,79.1177886152461,77.4359038803488,78.2774224752637,76.4443975978158
322,83.1263848235245,86.6952346882154,84.8581483004628,85.6875911976394,83.7793371444323
323,89.8386177134155,93.7656334609253,91.7780451509432,92.6895619496639,90.6269327929812
324,96.0949492781426,100.384962614377,98.2515272654626,99.3088187598462,97.0401914841806
325,102.033715658676,106.668437990435,104.391756754674,105.623002911523,103.129496417568
326,107.799799431166,112.737299523187,110.317715532499,111.715059703357,109.01106554294
327,113.45964802294,118.640610373142,116.078656397264,117.604385155687,114.731208609347
328,118.721139464814,124.097474715193,121.405062727311,123.019857240279,120.016647250981
329,123.189745768723,128.732761726936,125.936378599915,127.607383109142,124.502829984908
330,126.521623381692,132.221575510477,129.360929727891,131.062104655393,127.87444638728
331,129.062596004284,134.922563266711,132.03217012454,133.749087585999,130.486204523159
332,131.656251643652,137.687716421374,134.783607228332,136.516912173774,133.176395354765
333,135.150058053338,141.372690131314,138.452207286836,140.217587589615,136.786832909948
334,139.804498527541,146.23645792385,143.28560712521,145.105040543435,141.568857225691
335,144.865370195256,151.506544222534,148.512703801064,150.399327104891,146.753090021987
336,149.477663673128,156.308001582886,153.261185144487,155.217790902058,151.468747227405
337,152.94841998194,159.932585834941,156.824787293206,158.844066870474,155.011525233604
338,155.31465735613,162.422989484809,159.245232677157,161.310870862329,157.427053425131
339,156.818847299813,164.033257382935,160.7747656803,162.861748767661,158.972031042612
340,157.710627513001,165.024174828155,161.673407421642,163.749424489599,159.909506248853
341,158.335835330511,165.7469980568,162.305583806907,164.349867158728,160.587734147966
342,159.109174701048,166.617748905744,163.110461193269,165.127273698903,161.415967097737
343,160.443327894587,168.050313511913,164.52501661662,166.543746885747,162.801292266145
344,162.465240040913,170.170815918843,166.676507878967,168.735601103283,164.867288984236
345,164.809671271367,172.609707170083,169.158698394635,171.277977067642,167.249191581124
346,167.062707160488,174.94841880702,171.512591735697,173.690518314711,169.533939584964
347,168.935782449406,176.898116004254,173.418677624582,175.636988655616,171.43541970073
348,170.70570979451,178.755117656003,175.18658749278,177.431195479591,173.240104252681
349,172.808631461267,180.98064530104,177.30325170733,179.570135484095,175.395826383075
350,175.630568993304,183.98232181813,180.201450689748,182.495961765063,178.298913304222
351,178.878016931819,187.441094102412,183.579806448036,185.907261709796,181.647386673163
352,181.768261051602,190.514756532259,186.608401681916,188.967310846367,184.63654022289
353,183.513390446089,192.355647889229,188.451556307225,190.833515974522,186.45631511392
354,183.793046495821,192.6246238517,188.766296827179,191.159612268746,186.776095666364
355,183.100573999817,191.86753616952,188.067130385157,190.463118711992,186.099663868117
356,182.010859354771,190.718922460095,186.954492657941,189.348114464041,185.014417085089
357,181.094724531929,189.799534261419,186.022755391468,188.413548908277,184.103533029872
358,180.90435613812,189.666914026448,185.838487247937,188.234851436443,183.930842331852
359,181.986603082144,190.860499329639,186.960293296137,189.380714646188,185.054634065899
360,184.84036206692,193.871610744064,189.897704305903,192.369889748488,187.984017959155
361,189.296676077567,198.521434526342,194.476772254647,197.025571294793,192.543159096005
362,194.696737570676,204.139633654336,200.022238070992,202.660784037072,198.053836355097
363,200.371974046012,210.046073044704,205.848862163309,208.578396989164,203.827905596557
364,205.790134933106,215.697426823848,211.412080242054,214.224544113032,209.325321226121
365,210.661830059662,220.794097615937,216.417944040624,219.300588902721,214.269878337666
366,214.722741224982,225.061649635991,220.598377924827,223.53424376559,218.412609920944
367,217.738908682136,228.254939713347,223.715217753383,226.684136807566,221.528633464375
368,219.619895151121,230.267308287267,225.671708802149,228.655053029089,223.506928206043
369,220.31763513347,231.032979969309,226.412844298076,229.394926967649,224.270088505659
370,219.817500720069,230.522357684844,225.918317961278,228.886816894643,223.776806844281
371,218.592106937145,229.233034918386,224.673473859918,227.625596927277,222.511813000149
372,217.482614876628,228.061367234613,223.546125325169,226.493273971457,221.357726514946
373,217.333440072774,227.90733664537,223.40749312982,226.375263122478,221.200890520561
374,218.394814610299,229.038698840514,224.515216234925,227.531776326005,222.307466544874
375,219.81989340856,230.555891467416,225.994040056213,229.068674796971,223.798536971174
376,220.643380265849,231.433317164115,226.846391803606,229.967184818073,224.671550301132
377,220.081134148482,230.839145673724,226.262739037695,229.399828560982,224.112789250643
378,218.243986961865,228.898827270838,224.36253758441,227.484200015396,222.241446777956
379,215.518663177452,226.032912305951,221.551621712157,224.62922967694,219.464303308394
380,212.297955094667,222.667434365118,218.241630155425,221.250375988212,216.193590120664
381,209.067668540266,219.312278607172,214.933079632447,217.863188080663,212.924920164614
382,206.38698384753,216.543477212247,212.196599009501,215.0621724709,210.219682725518
383,204.814950429753,214.936650129346,210.602535247864,213.441678933653,208.638917526498
384,204.656526862952,214.803153527228,210.459680301049,213.320735606854,208.48810324269
385,205.72472648283,215.94270250066,211.570429502648,214.485320439653,209.577926834132
386,207.776255170426,218.096450328542,213.679216644233,216.660399104063,211.662442002153
387,210.532575098542,220.970718548342,216.496249243746,219.539040402291,214.459606816733
388,213.530883062909,224.089717214635,219.55278891554,222.647546101051,217.498659844329
389,216.24835546797,226.918337574335,222.321809584102,225.457897275436,220.24736842644
390,218.207437034783,228.968188984747,224.322470371434,227.488639774524,222.22006709014
391,219.693720608106,230.53844594918,225.852508547631,229.043255600319,223.716132755386
392,221.627210127429,232.582992130188,227.856899579304,231.07775041126,225.687554316679
393,224.945774793332,236.07417734198,231.298814605944,234.566477004486,229.104626952663
394,230.37664781764,241.771343708933,236.921936390557,240.262936408754,234.710301627538
395,238.214652643698,249.99655477644,245.019365064857,248.467248145709,242.780819605452
396,248.701513903372,261.01817740096,255.828870368091,259.423857649748,253.53511139537
397,261.901779071145,274.914226514872,269.408397992077,273.194478824653,267.016844315623
398,276.887876197846,290.696824336154,284.808952706152,288.817603938187,282.288283689788
399,292.387101218329,307.007297189519,300.731251156117,304.975773504796,298.070291035617
400,307.14569445742,322.507995867722,315.895259212105,320.370886548625,313.102495892184
401,320.269075085603,336.259657648028,329.385893668696,334.071934058887,326.480353074503
402,331.180332940815,347.675367118707,340.610847021637,345.472576339173,337.614022047565
403,339.315750989825,356.182670712679,348.991232428543,353.980006819022,345.926792979228
404,344.557540607674,361.669610447438,354.404344948769,359.466988231967,351.295809274168
405,347.76886384637,365.037223805797,357.730985892988,362.830439914848,354.596598005038
406,349.94347268582,367.321404189303,359.985549230583,365.103622959622,356.837596954761
407,351.981072724464,369.460772402739,362.087802032276,367.223785396129,358.932711944782
408,354.210886980308,371.803896543443,364.38350738811,369.545762846857,361.222420702068
409,356.748174496213,374.478040803681,367.003143684151,372.205952583815,363.83213224025
410,359.695058349752,377.596219866124,370.063063862876,375.326045874517,366.873480652434
411,362.886051520529,380.980751392839,373.39130270916,378.727354134518,370.177127076339
412,365.901648668145,384.178020376077,376.542220379845,381.946065064178,373.307030164858
413,368.312823168364,386.72408000381,379.059913767903,384.50768443709,375.817144345679
414,369.840036114883,388.320529094223,380.648022463817,386.107041328566,377.416197048869
415,370.559680385277,389.063132302613,381.39005885108,386.842125325483,378.181431804649
416,370.599984160346,389.10505771553,381.42485720997,386.869639364609,378.243760134293
417,370.094945522187,388.601470636199,380.897018801931,386.349001992858,377.7407289617
418,369.216896551916,387.720805451323,379.989459486669,385.457673694307,376.853969416795
419,368.153798426054,386.636906465097,378.900716309443,384.380470803304,375.783086132904
420,367.083355093987,385.51373662262,377.818458787519,383.291802580082,374.716867953513
421,365.93458142095,384.276367479084,376.666937019064,382.114359539118,373.581766151546
422,364.381114833195,382.604554348489,375.099897164136,380.512343613238,372.03483900607
423,362.085359749765,380.167278235278,372.759183330511,378.138593455293,369.721290815257
424,358.906144313285,376.829976090239,369.492920926823,374.84792801519,366.491370334043
425,355.213362270036,372.969234306689,365.685948929799,371.0206892324,362.728821799257
426,351.458964012385,369.043709385197,361.809280997055,367.121596969028,358.903047432998
427,348.088975516743,365.508171567365,358.327684346786,363.610589591529,355.47665471598
428,345.505847319304,362.788806767412,355.659982200409,360.912436467512,352.862274245286
429,344.092581069168,361.299042947991,354.20449174196,359.436210097629,351.450230595105
430,344.223008252932,361.442352017828,354.349971842552,359.581210225868,351.621422629489
431,346.012887404682,363.340916602673,356.216215594532,361.471043456958,353.491788961693
432,349.289172701534,366.80213403325,359.622021786001,364.920793634797,356.880756408168
433,353.863472624201,371.61668465072,364.370196108236,369.729154754099,361.591998216475
434,359.454981852285,377.483495171678,370.167537359548,375.599594795947,367.335929072672
435,365.517769015608,383.838260244114,376.445410063537,381.962387732231,373.555414079079
436,371.458654230616,390.069763531887,382.58609318611,388.199121218248,379.645637922999
437,376.752148942011,395.636261558475,388.042983323638,393.761832953768,385.071113689466
438,381.429886242142,400.567795077568,392.854798301706,398.682387417916,389.866949725362
439,385.797319443025,405.175431588419,397.347936003276,403.277628675095,394.348696756011
440,390.157951751289,409.768326302718,401.846528712734,407.862375923844,398.829800642817
441,394.682950154463,414.52287816704,406.528225499505,412.613880863993,403.484473627867
442,399.381007383373,419.45249616464,411.390832366383,417.540498295863,408.315985493505
443,404.250842013268,424.560582659196,416.42111815657,422.640214906588,413.317113601382
444,409.247442881386,429.804377605942,421.566712455365,427.866478969905,418.439157711527
445,414.186303248859,434.993865292619,426.650392663305,433.030663551302,423.501106205102
446,418.855161535981,439.909731173784,431.470094873315,437.915873616996,428.295622031568
447,423.055634464625,444.346181102068,435.835450721681,442.319340479223,432.628184847211
448,426.718544073956,448.223294208842,439.664975945667,446.169810031342,436.423596306251
449,429.84498214506,451.529607201346,442.936404106039,449.46755382733,439.671552652199
450,432.436566693934,454.254432894101,445.628280302993,452.213312286167,442.362389459344
451,434.487375477933,456.391024335693,447.7285635948,454.397290119907,444.486048377022
452,435.98126712352,457.937974679013,449.237971550328,455.99541325081,446.031937177559
453,436.901375781351,458.894259932458,450.158132623181,456.982594490625,446.989428546708
454,437.291143780608,459.316939771678,450.549176928585,457.400634132625,447.408953304918
455,437.409533306691,459.470644121008,450.680298592814,457.530364401637,447.559142203929
456,437.563630509985,459.666351782123,450.867374165395,457.705991557284,447.757348401103
457,438.027651579229,460.181183738935,451.391578242563,458.225725252312,448.286382724913
458,438.725751593107,460.931679317337,452.164513821417,459.004415636442,449.061184385241
459,439.370582917315,461.616518741677,452.874493183187,459.725291657812,449.774428983906
460,439.67436097355,461.934008821051,453.209498598913,460.071174702548,450.118425147301
461,439.487729396427,461.729295879959,453.01093603074,459.880415998403,449.936065450791
462,438.869611632157,461.068461744118,452.351053527164,459.225377784546,449.296811865262
463,437.896132831648,460.035835169749,451.321164246106,458.197749129192,448.288838592054
464,436.656237608121,458.7279084986,450.023981745036,456.900207001085,447.011892147397
465,435.29051294388,457.290174284559,448.608145348553,455.479692410669,445.612337364412
466,433.952548190335,455.88046221585,447.233857440549,454.094291043169,444.24827650373
467,432.79160676417,454.652455427787,446.056331592062,452.897587592435,443.073109036681
468,431.903621085731,453.708717514684,445.169278283047,451.987677622744,442.18225749945
469,431.348614676045,453.117392191656,444.624996648135,451.425294681825,441.632107319037
470,431.18530322884,452.94525928196,444.474423137425,451.269816265187,441.477706430911
471,431.424395748421,453.204784709477,444.724081127961,451.531023995156,441.728253661897
472,431.995987660523,453.817229654594,445.305914874635,452.135417333433,442.315957303415
473,432.822460512844,454.695127955726,446.144732188797,453.001526508231,443.165658456259
474,433.816466569732,455.742576443478,447.15577212269,454.038760414107,444.19199740138
475,434.846268770748,456.825178560333,448.210616786877,455.114912358149,445.263073735383
476,435.767477620816,457.797565852278,449.168404610839,456.08591382024,446.233721411181
477,436.432386890068,458.51028344951,449.883965236487,456.803599299393,446.954920462594
478,436.645360267129,458.754818818602,450.149857817442,457.060593863313,447.221956465419
479,436.174707565464,458.27823518222,449.711800518532,456.604984173396,446.788220615692
480,434.789567792159,456.82837041842,448.316217256759,455.185612692695,445.407890875099
481,432.444585053668,454.354822531086,445.910216146799,452.751338211775,443.031517751636
482,429.443753310818,451.187151427119,442.818840979865,449.627697440696,439.979467573391
483,426.129720283388,447.696957837617,439.408952179863,446.181904557884,436.61302488092
484,422.839460750289,444.247801209532,436.038553105807,442.773560194413,433.285446865371
485,419.880510511015,441.161511804936,433.019684545098,439.722755480228,430.308333845477
486,417.550885383443,438.746425495781,430.649523901775,437.336804956821,427.979815134267
487,416.135022715773,437.296361607485,429.211661489627,435.908678527251,426.5841705095
488,415.68403305035,436.855721871271,428.756258927497,435.48487732319,426.167727649446
489,416.052578026839,437.258911517918,429.136943146285,435.904388729629,426.576471075646
490,417.088759932931,438.333401354103,430.200760171434,436.999317210113,427.649724252977
491,418.567486879007,439.841581716666,431.718346857863,438.532264690928,429.156989324217
492,420.10838806819,441.407776984044,433.298240656706,440.118385877376,430.719644920185
493,421.311272714357,442.63868862723,434.528288453346,441.354015131508,431.940163005839
494,421.829559738769,443.191742880213,435.052179690844,441.889095537383,432.473847170747
495,421.634437350827,443.025034878489,434.844608226679,441.691333626441,432.289158239658
496,420.813734312921,442.207023434115,434.001766563358,440.845074339195,431.469504687853
497,419.458512814286,440.810298513815,432.622631086539,439.438194953976,430.101663967076
498,417.723286587613,438.98974422868,430.860139777545,437.628231994104,428.338733780756
499,415.82244799065,436.977904900212,428.918153668243,435.638458757537,426.396397630367
500,413.972625052219,435.010245083331,427.002451355492,433.69461250808,424.492688367253
501,412.358922468311,433.287586648346,425.296917859542,431.99071515673,422.81649826571
502,411.090810159667,431.92763234618,423.932908356958,430.644693120584,421.486801834443
503,410.266648557326,431.035876112466,423.034062264514,429.763295655136,420.612303826024
504,409.958015222388,430.689670426332,422.693202564103,429.425099738813,420.273849348454
505,410.054378218854,430.775020592292,422.793616610137,429.517125611733,420.362852508743
506,410.36939189431,431.098272475544,423.131360311698,429.846646831566,420.691865693789
507,410.715480509201,431.464253986347,423.501366213831,430.219446828533,421.071844599999
508,410.880014991362,431.64570884033,423.67719946706,430.409943068169,421.279582263106
509,410.623841523473,431.381412214899,423.40980289444,430.159344890252,421.055702643757
510,409.706719969692,430.408714563075,422.449230564242,429.207469520294,420.139294910323
511,408.011619773337,428.600879029095,420.67522808538,427.427471590769,418.402577249937
512,405.756968997806,426.201213717647,418.320647907633,425.055539053875,416.080233797845
513,403.217752439011,423.515414558905,415.677874619623,422.389065557919,413.46805872924
514,400.668170756158,420.845077820911,413.036850303519,419.722931552661,410.858983277688
515,398.376281809203,418.459683686206,410.668382843668,417.332329499727,408.523510858311
516,396.607248109448,416.613574732952,408.834261406471,415.483172119113,406.721573752248
517,395.620838556717,415.556054427847,407.791034146459,414.436054636749,405.707854689798
518,395.504292809692,415.377578385522,407.628770091797,414.282688094491,405.570575676485
519,396.139811526289,415.979822598989,408.2396894104,414.914076430171,406.200131726597
520,397.397645212028,417.253454051388,409.504477312635,416.209521959517,407.475385001193
521,399.126279961926,419.05599428236,411.275018077744,418.019062320678,409.248074227485
522,401.106791499933,421.142304268072,413.313991572386,420.102094388776,411.285929390983
523,403.107244029737,423.247429487752,415.366859466625,422.200519598602,413.340465146712
524,404.916130115311,425.130168435027,417.201981328781,424.079385724164,415.185273086259
525,406.507145997455,426.764664620994,418.795309254931,425.713585434939,416.794094483698
526,407.952579046567,428.239698095774,420.233304927992,427.189720010288,418.247218083551
527,409.324720612678,429.643987315905,421.602374072159,428.594344042677,419.62495721098
528,410.658174772782,431.01969449873,422.944183382212,429.969195763332,420.967734268038
529,411.937263993966,432.346867453492,424.240709629958,431.296220305923,422.262749980791
530,413.142812085607,433.601232303436,425.46977650196,432.553202507966,423.493501726021
531,414.230661341849,434.732448022121,426.582843236078,433.691022711693,424.615234661024
532,415.068520872493,435.598210350014,427.438356985209,434.565643924639,425.483521923821
533,415.504673953283,436.035944995149,427.874263687635,435.012107995006,425.93196749155
534,415.405802731679,435.903181461591,427.748421450068,434.885826773775,425.814488240519
535,414.832516876885,435.26934699378,427.128566329164,434.256915720885,425.199102773328
536,413.961672154544,434.330886832062,426.208241653238,433.324190215749,424.28216882515
537,412.97086123885,433.284903092165,425.181644688628,432.28711231854,423.2607086436
538,411.991767306985,432.270212612177,424.185425004705,431.2850524971,422.272897031359
539,411.087332141103,431.3383602809,423.270064618854,430.367404631518,421.368795095195
540,410.31485817054,430.5337314392,422.478976602205,429.576181172934,420.591235339394
541,409.725493045012,429.899176010362,421.854291868018,428.952455085414,419.98156602736
542,409.345662146864,429.471376515043,421.432991210192,428.533525639722,419.575173584372
543,409.195584396427,429.28546716324,421.250762498326,428.355744730568,419.405947731488
544,409.290668130237,429.370524438283,421.337207606773,428.449343965587,419.501870563466
545,409.587097679113,429.681047006152,421.6470025727,428.769206942041,419.81819427172
546,410.001220162853,430.12136853282,422.084424336635,429.219534184457,420.261249052731
547,410.448767008445,430.595080055459,422.553011031022,429.703766236441,420.736636027315
548,410.854900725124,431.020106708844,422.971249767384,430.139097542418,421.163570626261
549,411.160618954337,431.338441102159,423.282727540168,430.465815849595,421.484127205009
550,411.308434384056,431.494378530983,423.433432807217,430.626418386455,421.642567175845
551,411.247721717672,431.438176867385,423.375072450308,430.570159772812,421.589516138081
552,410.959166420805,431.147300686337,423.085446007863,430.277128000357,421.304638906845
553,410.43237946942,430.606970161548,422.549791044721,429.736200485249,420.775878275908
554,409.659428502186,429.805164985662,421.756126840596,428.938777282683,419.993779192912
555,408.667861556574,428.769721687394,420.7326505029,427.912692113441,418.986469522306
556,407.511904900884,427.558445733487,419.53776943537,426.713173704369,417.810336273412
557,406.246468397318,426.229911009082,418.230658652099,425.396159820527,416.522481074478
558,404.930024812265,424.84674822943,416.873827604607,424.022010698098,415.182756110437
559,403.627745692646,423.479215543237,415.536054974052,422.659401465255,413.856185014732
560,402.405542272512,422.198413329269,414.286811697208,421.377925390202,412.608362458155
561,401.304910135755,421.049139958453,413.16942510899,420.221557641892,411.479920731344
562,400.241145646452,419.940244406641,412.092091915531,419.101858969942,410.382466975875
563,399.088891653623,418.736781236476,410.919478165165,417.887734459391,409.186044480179
564,397.73002199277,417.311580130721,409.524006525611,416.455596311295,407.768245870271
565,396.169870004698,415.67022131,407.910533012628,414.810034477615,406.13555146471
566,394.517097619013,413.929389649915,406.1947528271,413.062916402509,404.402313255058
567,392.883410184224,412.209044852129,404.495637707321,411.329282875071,402.686068551079
568,391.35744454958,410.604730250776,402.909361570559,409.702452272532,401.081595223368
569,389.979373058591,409.160692943896,401.484202495016,408.230106455297,399.635855939711
570,388.78325219031,407.914706821514,400.262394455996,406.954168290734,398.389779440697
571,387.799342635667,406.899390289288,399.27963474502,405.911476837236,397.378479092952
572,387.035749585693,406.117269890629,398.533466917911,405.109197650483,396.603124714878
573,386.492562488512,405.559985092039,398.007630710329,404.543760569514,396.052605528312
574,386.169614057618,405.219444539906,397.686469867265,404.211556180447,395.716254703624
575,386.061785736767,405.093282563717,397.566881578064,404.108481500556,395.592691363215
576,386.159368021781,405.184442497395,397.657402916873,404.229975897063,395.689144809207
577,386.452273813559,405.495827745217,397.966765872841,404.571229959743,396.012921493056
578,386.876079867011,405.966282271399,398.438460678935,405.065800868145,396.505219863355
579,387.239181733749,406.384710133282,398.863270288178,405.50298435055,396.952503519555
580,387.331804906422,406.518593850445,399.010160748197,405.651465864168,397.119129481994
581,386.945428454166,406.138100527639,398.651063124148,405.28232206591,396.772909568924
582,385.879764404748,405.03102848633,397.57738145869,404.182333998096,395.704345245922
583,383.937846521799,402.992289680822,395.588376518972,402.144618920991,393.713092526597
584,380.934683384718,399.829399251857,392.495613250264,398.975004397422,390.611176740686
585,376.971551381718,395.650921735342,388.404503122387,394.782981660398,386.505941971766
586,372.442276829349,390.873077562366,383.720752563432,389.988369483139,381.806531798897
587,367.753873080713,385.925955003506,378.863609815837,385.024973396785,376.935696593836
588,363.296604691635,381.221973217526,374.237826795034,380.3080582227,372.300251667053
589,359.417231559063,377.127656206104,370.21050150312,376.204729667239,368.26562133275
590,356.455541201375,374.002172473412,367.142697247392,373.074375100605,365.190596277768
591,354.704785239138,372.155536319402,365.345391357943,371.227258363802,363.38462161138
592,354.115795802488,371.536076584967,364.761019552868,370.612183551107,362.794048824341
593,354.486520428467,371.930635584153,365.167469865452,371.01656900674,363.203114160837
594,355.614833660661,373.126017095316,366.343032455915,372.227749361713,364.396223687142
595,357.316701868266,374.92923230359,368.099151223204,374.051967480684,366.184004263501
596,359.428352517275,377.169922737423,370.284399050586,376.316641623229,368.40644750616
597,361.78709619193,379.678937120479,372.749313964773,378.850321177874,370.905102563276
598,364.241793000629,382.29751945016,375.346461357816,381.492785039234,373.526356595679
599,366.674426209175,384.896726578799,377.934220951444,384.116017471835,376.130471816802
600,368.972879895381,387.352926448197,380.372008276443,386.597740050548,378.580182247822
601,371.030225293755,389.548487851945,382.527882935474,388.821210471495,380.746776277681
602,372.782075655209,391.41499504987,384.340798138003,390.715090449773,382.571700201647
603,374.184891463495,392.908149783078,385.784447701802,392.230291425238,384.030780401612
604,375.195725933709,393.984308556502,386.832880406713,393.318507654666,385.100114194063
605,375.786860638316,394.616396889353,387.464090099441,393.952773725882,385.756981837118
606,375.949147635897,394.797545674418,387.660881507323,394.132148065787,385.980106147708
607,375.674577924296,394.522123991869,387.406365200569,393.857279498361,385.748312108898
608,374.985639525493,393.815218896366,386.717599764346,393.157886704992,385.075853602216
609,374.000781332429,392.798573548207,385.718463421962,392.155158565051,384.088463843655
610,372.857278441196,391.612893706323,384.553790940659,390.98822915278,382.933746761477
611,371.686710454657,390.393243486423,383.36219955042,389.790414535015,381.752742605798
612,370.568919350337,389.223438550125,382.225826629469,388.642180239526,380.626867445469
613,369.556160964106,388.159969240098,381.196694892263,387.595812254578,379.605746150967
614,368.699408976663,387.258022966282,380.325533341053,386.702352903563,378.737741470545
615,368.008452094654,386.530668780141,379.622371419023,385.973430041586,378.032416647172
616,367.438775907098,385.935441931614,379.043575479979,385.368702849319,377.448177088996
617,366.942152999628,385.426080058899,378.541842355418,384.844276601593,376.939929817185
618,366.453753879808,384.935492535491,378.051107665116,384.336003351443,376.443223763969
619,365.851871115565,384.325232078363,377.44103199875,383.710348565384,375.827287958189
620,365.002626746887,383.441582775076,376.567522616421,382.818930628699,374.947160544795
621,363.787323934603,382.148591309152,375.303025345761,381.530127197604,373.674388965273
622,362.238848203925,380.487662565846,373.685122383225,379.8796560042,372.04536476116
623,360.477224422156,378.602158390094,371.846326985303,377.999432673898,370.19124251905
624,358.623453796129,376.636326031475,369.920076903972,376.022415239181,368.244177132088
625,356.795480444245,374.71864415289,368.029877516967,374.076505933394,366.330083289858
626,355.106924430624,372.9552877691,366.285185499702,372.282455888319,364.566049316762
627,353.671078027385,371.450742766767,364.794393446012,370.760474360508,363.068494834102
628,352.578786917495,370.290906751017,363.646613955608,369.607054679364,361.931418683959
629,351.837918056376,369.492961677651,362.859686911941,368.831019061132,361.165936392913
630,351.437168393747,369.058214597793,362.434986552178,368.420935666723,360.764015524233
631,351.360820127977,368.982091525997,362.368006485435,368.360560490222,360.712484393444
632,351.545146326086,369.196063921973,362.590290208581,368.581318617175,360.942283498122
633,351.896949996868,369.592345204261,362.994125904368,368.982512183211,361.350047002799
634,352.322909301158,370.062999061939,363.471644423733,369.463329776371,361.832303631469
635,352.746489957187,370.523371366859,363.937835375761,369.942507605818,362.307335194417
636,353.11640845042,370.923827557096,364.342071047598,370.368184158815,362.726143099299
637,353.383465812448,371.217624068287,364.636562146555,370.69092519158,363.0424298801
638,353.484193853608,371.340889481343,364.758239141745,370.844031572183,363.192561400619
639,353.298789186302,371.162131231692,364.583705787316,370.692642012258,363.044457971161
640,352.693547642027,370.533171152111,363.974680144664,370.085076125653,362.449150875665
641,351.547717065482,369.320344974265,362.806063921809,368.884195863666,361.272042749269
642,349.892274384803,367.560014551696,361.107201428652,367.123222448949,359.546892444042
643,347.856640828265,365.398857454577,359.007641850179,364.945908973593,357.416691067165
644,345.571654279686,362.985055660967,356.638459687671,362.497641622041,355.025994226428
645,343.152285214644,360.443719704425,354.119884312248,359.908696682685,352.501280192449
646,340.688367543763,357.863411184073,351.554964638435,357.285413901931,349.940389782706
647,338.26750827048,355.329453743304,349.045227523851,354.732012431852,347.438626755605
648,335.969099107681,352.919962539678,346.680573957138,352.339068322582,345.080581838575
649,333.838287535417,350.683005215626,344.502444198529,350.140288356345,342.90619006185
650,331.911299778452,348.65882148079,342.539653593242,348.154563820474,340.943752821575
651,330.225452373478,346.888761143819,340.822777457983,346.40355704917,339.223511764914
652,328.831645841446,345.428004482057,339.404318196827,344.943454066863,337.79988161752
653,327.789996361341,344.341114651066,338.351654006924,343.853862488974,336.743676625303
654,327.160845608467,343.692873161137,337.732426614344,343.214733731533,336.125980910237
655,327.008132659375,343.550920264903,337.612894667073,343.09875175095,336.014876260352
656,327.401735386779,343.987615590691,338.057033548525,343.566602964773,336.473488038738
657,328.412087420519,345.075760409647,339.128604972454,344.677851051608,337.564477782412
658,330.06320293392,346.83931366348,340.846109575679,346.447056144705,339.305157075422
659,332.177326163489,349.089932934416,343.031313148911,348.693162935319,341.515716341133
660,334.521893184516,351.581606920406,345.452541038104,351.181979741413,343.962800620863
661,336.870433002636,354.074751117618,347.884067785685,353.684945223812,346.41898222844
662,339.076033367992,356.413699226882,350.177849847237,356.047017164417,348.734229194816
663,341.047576975404,358.501637204878,352.240322391821,358.164712671747,350.812787553719
664,342.695623849853,360.243536344369,353.97954567978,359.936217832116,352.560549227436
665,343.971709259085,361.588846003134,355.34259869635,361.306879317339,353.924373777117
666,344.897050541551,362.56265447267,356.342915263573,362.30224459931,354.920789903505
667,345.499643298516,363.19740775595,357.000383812519,362.955662612984,355.573103312291
668,345.811883937498,363.529324013463,357.341322071078,363.303269521998,355.91086754987
669,345.88585161084,363.611492499207,357.420803000008,363.393667458196,355.991579827313
670,345.779126019981,363.501717270875,357.301935510923,363.278942298742,355.880546505317
671,345.547024532265,363.255663638158,357.04559193905,363.00995656831,355.640419863202
672,345.214422378476,362.900218058817,356.682547468874,362.621110953117,355.298137821633
673,344.784391750227,362.441655216725,356.222021328879,362.135015964666,354.855059230674
674,344.25948247079,361.885725294713,355.672659425711,361.573798466334,354.311946899565
675,343.638278909154,361.231904509284,355.03450512113,360.940879604952,353.666294094249
676,342.912504978424,360.46881476715,354.292718897015,360.207318600056,352.909937589384
677,342.073202307469,359.583998495086,353.430981107024,359.340956221367,352.034151611754
678,341.074860325499,358.526557735722,352.395960332321,358.276079938454,350.991393870383
679,339.706141131552,357.071201025028,350.96641286765,356.794755077319,349.558022152304
680,337.708704604362,354.943206675318,348.873501825919,354.635901007751,347.46048035328
681,334.839010033054,351.883834031413,345.863863033249,351.553386095169,344.440900186181
682,331.055036875641,347.851951308218,341.894819321255,347.504631898292,340.455030842762
683,326.460277273728,342.963556653752,337.075825349038,342.594040655614,335.612869363945
684,321.162569852309,337.339257585772,331.520874860103,336.930505131144,330.02901316652
685,315.362965198666,331.193308973787,325.440987719547,330.725415223948,323.916281817533
686,309.424385189769,324.902593071506,319.215678726482,324.368156693638,317.658066833665
687,303.725928121563,318.860244111041,313.241301025181,318.265903109028,311.654805640897
688,298.63071081881,313.444222896878,307.896631041385,312.807863327559,306.289188214582
689,294.429418121952,308.963720502663,303.480783160541,308.301825686783,301.863468689647
690,291.392224793508,305.708454939809,300.270314403846,305.032523223152,298.657124724985
691,289.758940283254,303.935784043084,298.510774886514,303.25273966795,296.918038382299
692,289.359281054055,303.466029351252,298.028958209677,302.783774725125,296.467384597814
693,289.728473428186,303.805674116737,298.350946505015,303.137076928454,296.819917458379
694,290.397548885884,304.456736897966,298.998467305531,303.819635471387,297.486027210736
695,291.079074006027,305.115162127237,299.672881129434,304.525758969468,298.165070204628
696,291.797581675264,305.810153971781,300.384246039214,305.271662649812,298.881139206556
697,292.608364030138,306.603775337769,301.173057053751,306.105301083366,299.690345339952
698,293.560302484668,307.549911487251,302.077586126683,307.069688647794,300.641619402397
699,294.673717332953,308.666014554236,303.126200987463,308.185830118507,301.751902326542
700,295.960977873075,309.959394225358,304.344512175098,309.46860312113,303.029229536801
701,297.435191969985,311.438712589583,305.758354745979,310.934017402311,304.483068165961
702,299.119164561738,313.130385798045,307.396511761397,312.612943671587,306.141679521794
703,301.042526190995,315.073326783869,309.28984133308,314.546713017182,308.046553811761
704,303.233655228693,317.305145537002,311.467763955953,316.775305877951,310.237900757649
705,305.616754980796,319.746650673959,313.849070846551,319.221509330145,312.639666049591
706,307.941512229727,322.122982398278,316.167224447472,321.611785367525,314.981027132332
707,309.940966076374,324.140615486517,318.138008105113,323.653867915104,316.972581893471
708,311.317085381589,325.477986445901,319.448004894822,325.025212320085,318.297363402101
709,311.638066608623,325.692813485059,319.658076614442,325.27291002051,318.519724863343
710,310.436111806628,324.310332891785,318.295256979156,323.908975169314,317.172086047274
711,307.277603712317,320.890564672424,314.921371323199,320.481328881966,313.820734963456
712,302.155642294187,315.427773691391,309.532588699012,314.986160133355,308.454775561937
713,295.353244079515,308.21125572712,302.420176239766,307.724216199605,301.350577769698
714,287.161614966269,299.538789693716,293.883753825477,299.004820376716,292.792932644385
715,278.048174494327,289.897381045668,284.403432913464,289.32062171898,283.2615756295
716,268.763622775837,280.07823531,274.74948273063,279.458983271935,273.549634233926
717,260.084254240654,270.900042402233,265.718388174372,270.233895404918,264.478550848935
718,252.673444994319,263.060867567194,257.990739948008,262.341274335789,256.746740920263
719,246.733085645826,256.765795513649,251.773481186786,255.994479454223,250.549821509103
720,242.347189324328,252.093988676234,247.152570981871,251.283610408872,245.954979624384
721,239.575309319508,249.099884621987,244.189041495304,248.272803922526,243.005791700949
722,238.192659154733,247.550500291519,242.654155321217,246.724383925053,241.471366974933
723,237.79100989478,247.027422542815,242.132229546081,246.205959124165,240.943741533734
724,237.964651459965,247.114859121007,242.210117339058,246.28779040095,241.017611143365
725,238.624207360173,247.721018856021,242.795294771853,246.874693378482,241.605972099781
726,240.160411847666,249.24585855042,244.281858701431,248.379249313439,243.104916736674
727,243.004128225361,252.130436734004,247.104579167524,251.25647999034,245.950915954722
728,247.463144110786,256.69047234715,251.574376704743,255.831483662353,250.455818352797
729,253.376690521548,262.76450891032,257.530669269108,261.934731817789,256.457027867355
730,260.472512158036,270.077552902258,264.700687546081,269.27900660621,263.679061137679
731,268.474908033201,278.350124386279,272.807600117219,277.573670257176,271.842473393497
732,277.07165382317,287.255188659118,281.531518382656,286.49183479119,280.625830015482
733,285.928537547635,296.437082256826,290.526632602932,295.684788999781,289.68241779656
734,294.713321137936,305.542192764015,299.449122295862,304.805894001826,298.667530834333
735,303.200715998534,314.331765785373,308.06537464639,313.61997958457,307.347104638628
736,311.316117257882,322.728873194486,316.297051112534,322.048926463775,315.642960106411
737,318.996267769473,330.66877375254,324.077506784567,330.02644262707,323.488657771279
738,326.19669768201,338.107320691579,331.361715934905,337.506310605373,330.839256405639
739,332.938278495446,345.071993868912,338.179843360086,344.512131270623,337.724584670662
740,339.25607791597,351.605834900599,344.578389915932,351.082674381681,344.190715898636
741,345.176085621882,357.741462001071,350.59288626901,357.246721760318,350.272739632382
742,350.638323991587,363.412785636312,356.154977356424,362.9384712511,355.901730893689
743,355.535419600909,368.499296359567,361.139033459329,368.039974318324,360.951419042559
744,359.760838270785,372.881413232862,365.420534451454,372.434200497573,365.296569005518
745,363.258717374318,376.496403408073,368.939815943941,376.059668843345,368.874019306998
746,366.038323449699,379.354602030269,371.720573931598,378.926297324002,371.700392915237
747,368.113195617783,381.471138901261,373.791972923628,381.048688727761,373.797548074654
748,369.473393809643,382.837546585368,375.152981850905,382.417712465504,375.161343895357
749,370.035829169172,383.371841085281,375.708496128425,382.950297246442,375.706639880554
750,369.703208090303,382.977762235671,375.34514305188,382.549013248089,375.332566234209
751,368.319245753125,381.497307472497,373.891322731535,381.054495179113,373.877501867393
752,365.238320793781,378.260316402938,370.69243640675,377.793618388154,370.675889159484
753,359.572720619774,372.343246949191,364.854929548021,371.839084207553,364.812856156763
754,350.456608935166,362.845164118898,355.507212176713,362.286270490238,355.396030067719
755,337.734256875431,349.599648342381,342.489785231192,348.967329515169,342.263434605862
756,322.067675156664,333.286127181145,326.463173356184,332.562862096701,326.094197387131
757,304.16461334932,314.631351178824,308.133790607624,313.800941374885,307.61449615664
758,285.056123022974,294.704600147266,288.547697996086,293.755798188985,287.886049737173
759,266.65818732157,275.51271371984,269.680626979952,274.449154821483,268.88900892823
760,251.036833050423,259.221498519511,253.665938332573,258.063384490346,252.759248316892
761,240.100075402968,247.829473134622,242.471647030032,246.611551074334,241.468480832542
762,234.629649495609,242.142755302236,236.887211136876,240.899910083277,235.818302839888
763,234.918291235263,242.449755764896,237.190392373357,241.210754692558,236.102278921135
764,241.210702636918,248.989296098854,243.610586284176,247.777006488728,242.564801897867
765,252.668605872953,260.88338328299,255.288563151135,259.720487693633,254.342342217576
766,267.357289536081,276.123335636394,270.262944123655,275.038118101693,269.449684358331
767,283.294593243165,292.651560408618,286.5246507951,291.678126132641,285.853066625953
768,298.855777028999,308.784689454422,302.422990737571,307.952558937049,301.883164324934
769,313.259569129361,323.722478643551,317.153018328837,323.032031097539,316.730679227815
770,325.846314687887,336.792018595101,330.031733399045,336.210951213097,329.710317497107
771,336.067443686019,347.432105746742,340.490414956042,346.902664252868,340.251736203168
772,344.04187862638,355.752760439825,348.647028849448,355.235186415178,348.475315586222
773,350.136694353395,362.113542566008,354.87482910435,361.602225772809,354.758224639474
774,354.714659302748,366.870750274712,359.542855751519,366.392376085562,359.473286909456
775,358.052615504143,370.313728479104,362.935687752739,369.89306607733,362.906426546333
776,360.352445970004,372.673414566332,365.264223358285,372.303471837822,365.267759882179
777,361.81307888894,374.17823428203,366.736426248237,373.819410540264,366.764394823023
778,362.574296775596,374.982429246529,367.498076630238,374.583167819427,367.54091920357
779,362.657725605167,375.092041914602,367.570729499479,374.630088245559,367.61702321549
780,362.070945665409,374.495497779922,366.961172758999,373.982803924797,366.99755002409
781,360.823229329695,373.187078882201,365.677472336596,372.661969284648,365.690043121867
782,358.932252148964,371.190151839169,363.734041042798,370.678417272844,363.715456273577
783,356.418293337599,368.537094913489,361.147258223579,368.039937723051,361.098898319291
784,353.309125773303,365.267636149111,357.941807882225,364.763362516257,357.872969867332
785,349.737277900198,361.524220512451,354.258470534121,360.991950431108,354.174994043279
786,345.912313256151,357.524828886744,350.323401687107,356.96193199224,350.219304762778
787,342.04513784278,353.488720310239,346.364145066196,352.911044505711,346.221571322412
788,338.314487057898,349.600827668355,342.56533639216,349.029937888879,342.36481743919
789,334.845662512565,345.989069799108,339.040343306294,345.431052228109,338.777844132027
790,331.758925292038,342.775987280907,335.895810576306,342.219449905602,335.584337474305
791,329.138673751209,340.047292847514,333.206636793806,339.468245160795,332.871281172195
792,326.925281603902,337.740798694946,330.920227981612,337.1222485667,330.578262311197
793,325.02297240061,335.757194006405,328.951989546875,335.094066495276,328.607871447103
794,323.336648264354,333.997814769177,327.216702034832,333.296259464089,326.862985039531
795,321.778448376752,332.370895214914,325.622481763977,331.64089894886,325.249528747719
796,320.264889229306,330.788841954535,324.073414218291,330.039760630044,323.675272528761
797,318.714514997043,329.166168416173,322.475760133766,328.406638568062,322.050255874641
798,317.130202887912,327.505236460165,320.831456756113,326.742048705996,320.380732658493
799,315.629168149237,325.927512135934,319.272158763896,325.164083809337,318.803403428011
800,314.336742918901,324.562916974015,317.938730249561,323.799183924468,317.464228820866
801,313.309888555166,323.470789998657,316.896423181575,322.704725768436,316.43021681729
802,312.388696659835,322.486584956926,315.970650477246,321.71901955801,315.517940289361
803,311.370358855393,321.401467844946,314.939381415346,320.637040982893,314.494432417057
804,310.039867646161,319.994116355104,313.570578594916,319.24016911905,313.117834340732
805,308.083730195433,317.942388199557,311.551419163733,317.200015506567,311.074500409013
806,305.140829719009,314.875388195919,308.530015348348,314.135112076825,308.016071475457
807,300.856741655916,310.428895096058,304.160701713193,309.671102362171,303.600556082881
808,295.064461835086,304.425815372332,298.271164468352,303.633226117114,297.662446062607
809,287.80034027727,296.892092137823,290.877179197859,296.063288265354,290.22772050368
810,279.11145524344,287.864424708702,282.004540097663,287.01450443535,281.332523739986
811,269.228081177436,277.577809763626,271.881413668233,276.730198415046,271.207206008022
812,258.830789161148,266.754659353485,261.233397999153,265.920980284833,260.559476098759
813,248.668088306751,256.190923809313,250.861140646309,255.367961451569,250.169063771539
814,239.43992324006,246.627949243409,241.506913684526,245.800248362205,240.7626326951
815,231.552571945884,238.476893214593,233.559996029938,237.632476478064,232.74595895656
816,225.302491927905,232.02543495373,227.277660190354,231.161680722576,226.404818535159
817,220.96787517998,227.543277847683,222.900810821302,226.666535747655,222.007116829306
818,218.512112472058,224.990782422532,220.389273714912,224.109500001573,219.513144448393
819,217.631363561591,224.065711731353,219.464270161317,223.184599760649,218.622061468363
820,218.01326426572,224.457368491412,219.839230353654,223.577239928685,219.024624269035
821,219.340806128791,225.841486457529,221.204156740971,224.961836976235,220.399099132836
822,221.28827143982,227.868353945845,223.205118477635,226.992201118544,222.400330064444
823,223.528983879035,230.185458548433,225.483349075861,229.319874485176,224.680583029389
824,225.79033993536,232.501298673195,227.743220363346,231.655074773461,226.95266700664
825,228.040785833295,234.796351221085,229.970566784956,233.969587933567,229.199284064384
826,230.315912349583,237.126852869735,232.229624370841,236.30805991352,231.478315156967
827,232.655253004689,239.551250114093,234.586267720303,238.718683781548,233.849805796555
828,235.144241471573,242.153696641756,237.125422242174,241.290940900086,236.398981697933
829,237.897971394195,245.034957731935,239.944323684741,244.140992490824,239.227339634672
830,241.031153646743,248.295458274797,243.139834767073,247.384636774636,242.436034939085
831,244.617202431244,252.006575464372,246.781618962846,251.09964674541,246.097393544951
832,248.671361916792,256.198770233092,250.901027191299,255.310233485377,250.243132616027
833,253.204483868161,260.899407036568,255.526509798916,260.036560720383,254.901895605286
834,258.184522004563,266.084323128642,260.634740224796,265.250287084364,260.049625036554
835,263.441690145202,271.563908794023,266.036143167498,270.767327833623,265.493047782554
836,268.778612319191,277.115414703193,271.5078431137,276.372402274,271.004996221429
837,274.00720865776,282.528746000554,276.83900788002,281.859989121632,276.371537672751
838,279.012916148254,287.693883875952,281.914048186283,287.101747953334,281.483406043454
839,283.716104514518,292.548362288905,286.662630975405,292.006012094113,286.281069281215
840,288.037408462051,297.029276730852,291.014724071666,296.482053173329,290.704624944913
841,291.89876763074,301.055812436308,294.900941191349,300.456773807388,294.677611267889
842,295.223476561682,304.528558587026,298.25256667438,303.875382702153,298.106373090175
843,297.934986508407,307.347387127369,301.000989184496,306.683979628252,300.896592302627
844,299.978443740761,309.446202634026,303.094528167197,308.837980642992,302.985460063399
845,301.348325878747,310.836295000104,304.520001233272,310.313985701106,304.381815077522
846,302.045931454338,311.539653976496,305.269549030392,311.091523797363,305.104402561987
847,302.089145152415,311.590590433017,305.353311693135,311.171313377364,305.184674890869
848,301.58501165653,311.089648256449,304.878186828271,310.667978228024,304.722392629755
849,300.67040523523,310.159530412063,303.9834434567,309.734250582991,303.840169698141
850,299.487951241129,308.930269611377,302.813804162303,308.528141548309,302.667523906801
851,298.262085140963,307.636326774263,301.59152779096,307.282645894475,301.43231387843
852,297.278271017534,306.590064056923,300.596713601264,306.286694620885,300.435758402972
853,296.821111043764,306.103125840803,300.108657922412,305.828162432447,299.978325922301
854,297.02485499291,306.319985802457,300.265062285641,306.039882903766,300.198243099819
855,297.784176292638,307.1187424448,300.978006520592,306.807642089767,300.975215335043
856,298.97235586527,308.353709118532,302.139423618799,307.995166606326,302.165864210741
857,300.43210079952,309.852879020559,303.602671668591,309.439482756316,303.6024019046
858,301.896073207013,311.349510720832,305.082265380194,310.881513901441,305.029183361325
859,303.072185265271,312.555556266858,306.261492555078,312.040569136911,306.170803780246
860,303.698191284779,313.212069836863,306.85754803906,312.664815034674,306.780296646727
861,303.772767714481,313.314557601177,306.884090021565,312.754731047598,306.859343168974
862,303.429442131455,312.990032923786,306.507996409499,312.441198275717,306.538131956412
863,302.802916264961,312.366787472936,305.896220758579,311.856033857629,305.947682141682
864,302.029117811761,311.577975712929,305.182480180314,311.126754184081,305.212245200983
865,301.245323921883,310.762104710001,304.463907596058,310.376141704479,304.448623280845
866,300.588727751014,310.05782277403,303.835676256723,309.72661777073,303.773138119655
867,300.153334440581,309.566111238131,303.370319885896,309.267386636372,303.274578052274
868,299.930924563926,309.298794976234,303.086785212197,309.009028807321,302.976560779264
869,299.898489648544,309.25480040755,302.996266419626,308.950750124569,302.893275626808
870,300.018278111136,309.41090782432,303.089751792406,309.071287830783,303.015556730431
871,300.17181796138,309.622644656456,303.247599743132,309.237310989004,303.206365585816
872,300.213152090773,309.704252005258,303.312499460373,309.27732969759,303.285123340586
873,300.004799236153,309.481182550634,303.135309743118,309.030195003554,303.081701212775
874,299.52955062854,308.938040108171,302.682949048146,308.481551215707,302.574371787929
875,298.859378558979,308.177437744703,302.00839310892,307.725888632806,301.851446038627
876,298.067857921019,307.303999097895,301.166476283163,306.859515674287,301.003167158932
877,297.198449636733,306.375910380529,300.201658238231,305.933734449433,300.07991644145
878,296.247979574761,305.379443949942,299.142332204005,304.930149462856,299.070344300595
879,295.209267035618,304.294694260788,298.015509956106,303.824378190667,297.95779852602
880,294.076524304751,303.107179198196,296.840405673194,302.600816069141,296.733849719558
881,292.848699629588,301.820855583712,295.609722749808,301.273702422097,295.418024941886
882,291.525746821584,300.443595289547,294.310535673225,299.863613182437,294.035787114105
883,290.096162879932,298.96871785907,292.917367105943,298.375768610868,292.59535972189
884,288.457016930221,297.273412061077,291.304573396936,296.69284733751,290.967391776714
885,286.46159884781,295.179258696696,289.298547337328,294.638850255619,288.956656238317
886,283.960424728474,292.506560791392,286.724210983936,292.035665384468,286.366850671134
887,280.74638445833,289.054191823196,283.379504722386,288.664942013987,282.986391213433
888,276.554666594246,284.599567787868,279.035352094714,284.268038250917,278.588392656966
889,271.118580714316,278.919627875496,273.461983567618,278.585155523406,272.945822347186
890,264.272625271846,271.864269341313,266.506727940006,271.451883545842,265.91432774485
891,256.062457330327,263.435636647619,258.177801031641,262.902866107562,257.522091267761
892,246.560170245482,253.65493505492,248.503561133846,252.997667846221,247.818896084652
893,235.920095285043,242.641543593608,237.611597950496,241.888229651501,236.944683633773
894,224.679120666255,230.971529176982,226.091109044364,230.156211216978,225.458796475305
895,213.485289594185,219.35365304301,214.665415841349,218.508130478837,214.042437526844
896,202.972084523604,208.478008136606,204.036109811409,207.631195996387,203.35935572106
897,193.609670322309,198.825310482942,194.661091952765,197.996064459396,193.877545022656
898,185.765668387127,190.744813008268,186.845255450594,189.937424467733,185.942089217174
899,179.796708671,184.574724816122,180.882686560219,183.778999728965,179.887125569792
900,175.704788190125,180.313519518034,176.74923846565,179.510383063251,175.705734867907
901,173.037476743488,177.524333118045,174.012979979976,176.69301143263,172.953967578123
902,171.312617950873,175.741794125111,172.215292301116,174.860295822273,171.159276056035
903,170.061646219282,174.495773561568,170.902323597756,173.547611260244,169.856301971241
904,168.852485301291,173.303369269602,169.63302068232,172.295605952588,168.598989286787
905,167.259119461234,171.679557595188,167.968456092689,170.645803926956,166.944487881705
906,164.929393730881,169.225926620643,165.548582704049,168.219653994296,164.528894847537
907,161.954725544999,166.064213045086,162.487070927732,165.118594944243,161.462426432434
908,158.591353059653,162.509428148342,159.07361309498,161.622418173508,158.031470036859
909,155.096713094992,158.87488827072,155.595884200298,158.011241935291,154.521246613404
910,151.74216932298,155.443534491955,152.306759681781,154.565639390466,151.194991585574
911,148.809854296756,152.474820345846,149.43220636295,151.566535455412,148.298940156484
912,146.580618053805,150.226255667249,147.196758309413,149.293422741862,146.077779229879
913,145.240689170103,148.874590277904,145.780518104834,147.938492847974,144.70917458955
914,144.829123161064,148.470960865782,145.294480150875,147.558150446269,144.266548191419
915,145.372237372666,149.055626824279,145.843638568837,148.197041022301,144.814289449647
916,146.822718231895,150.585190534657,147.422946852169,149.805737836212,146.324520631351
917,148.892233008898,152.742416392677,149.667157919538,152.026883610803,148.467342104576
918,151.243211193715,155.154126458677,152.137439349225,154.440213969351,150.851154212982
919,153.522546702263,157.436568869023,154.394599425982,156.627008401539,153.078065056147
920,155.263636729793,159.128742880464,155.996821579066,158.179825270483,154.704214102986
921,155.949521212397,159.73537326298,156.501124617933,158.696227252634,155.265345041511
922,155.074196203571,158.771616945059,155.473591981665,157.778856861247,154.306477710244
923,152.344932817808,155.954532012842,152.653283875833,155.12680732146,151.551294315464
924,147.660396967294,151.18236431555,147.934491282048,150.525727522265,146.883810144938
925,140.928291890807,144.361879924266,141.219105205049,143.76727294758,140.195957906363
926,132.260637359586,135.590068882259,132.599310009946,134.910076375661,131.582365496542
927,122.134317817075,125.303619672361,122.50711241356,124.489533682727,121.499630119585
928,111.063998904714,113.974396265152,111.409707434477,113.090408729083,110.441830460641
929,99.5717256998623,102.104561504683,99.8027585463097,101.292933481749,98.9205406764648
930,88.207225122269,90.3099357895816,88.2887204861632,89.6603398067854,87.5129641796582
931,77.5267137896768,79.2329852595109,77.4950840071185,78.751874086932,76.8116904270007
932,68.0569597219094,69.4769712972626,68.008964764281,69.0962058180822,67.3737590983246
933,60.0796585948338,61.3188918184381,60.0814753227106,60.9675424891117,59.4603632872393
934,53.7549306023479,54.8738919663826,53.7970438433601,54.5138580831217,53.1859325206111
935,49.230236497113,50.2453305633459,49.230089697407,49.8708232595949,48.6538518717829
936,46.390764308419,47.3001772852412,46.2589774857328,46.920507766513,45.7452111878225
937,44.8642107167727,45.6733221645266,44.5695912241624,45.2960037230925,44.1228576525658
938,44.2677894849468,44.9902731526126,43.8398965942697,44.6202939917726,43.4407211915002
939,44.2596473226598,44.9212921941417,43.7687189610779,44.5591492686036,43.3836039855309
940,44.5769860936509,45.2230761008245,44.0951706860493,44.8609778076099,43.6959328233454
941,44.966029110923,45.6621852761578,44.5629615171025,45.2836181212954,44.1289386088168
942,45.2264642229424,46.0474754279484,44.9631033917252,45.6317485653149,44.4820968126997
943,45.3728195321411,46.3577604211388,45.2766859191195,45.8982672883327,44.7487473976309
944,45.473579858968,46.6145387860919,45.5325363514332,46.1233434792822,44.9709190218195
945,45.5959370904101,46.8419474408143,45.7617540014458,46.3478331813852,45.1908961578408
946,45.7956928530973,47.087366507154,46.0154541820973,46.6186433649454,45.453216905329
947,46.1227254402271,47.4102633852189,46.3551612258945,46.985827693806,45.8035913287448
948,46.6269382391868,47.8700542673877,46.8423553675548,47.4994265008499,46.2877245275223
949,47.3600137074062,48.5225249384494,47.5353904983105,48.2085350112305,46.9509696020839
950,48.3754331275684,49.4197904627069,48.4894594502588,49.1612928476745,47.8383237451612
951,49.7267575557382,50.6138031172297,49.7596148704637,50.4057972543411,48.9947683658733
952,51.4675480479804,52.156515179087,51.4009094059896,51.9901454753896,50.4652848733395
